obs,id,time,elapsed,date,hhmmss,rep name,TIME,E,A,Ca,Ci,Pci,Pca,gsw,gbw,gtw,gtc,Rabs,TleafEB,TleafCnd,SVPleaf,RHcham,VPcham,SVPcham,VPDleaf,LatHFlux,SenHFlux,NetTherm,EBSum,blfa_1,blfa_2,blfa_3,Leak,LeakPct,CorrFact,CorrFactPct,Fan,Qin,Qabs,alpha,convert,S,K,Geometry,TIME,CO2_s,CO2_r,H2O_s,H2O_r,Flow,Pa,ΔPcham,Tair,Tleaf,Tleaf2,Fan_speed,Qamb_in,Qamb_out,Q,f_red,f_blue,Tled,Pc,time,hhmmss,count,co2_adj,h2o_adj,co2_at,h2o_at,co2_cv,h2o_cv,A:MN,A:SLP,A:SD,A:OK,CO2_r:MN,CO2_r:SLP,CO2_r:SD,CO2_r:OK,CO2_s:MN,CO2_s:SLP,CO2_s:SD,CO2_s:OK,H2O_r:MN,H2O_r:SLP,H2O_r:SD,H2O_r:OK,H2O_s:MN,H2O_s:SLP,H2O_s:SD,H2O_s:OK,Stable,Total,State,MatchValveR,MatchValveS,MatchCO2,MatchH2O,DIAG,Flow_s,Flow_r,Txchg,Tirga,Tchopper,Ts,Tr,CO2_%,Desiccant_%,Humidifier_%,Txchg_sp,CO2_r_sp,H2O_r_sp,SS_s,SS_r
7,CC1_NO3_1143,1561904665,484.5999999,20190630 10:24:24,10:24:24,,1561904657,0.000972487,5.835530495,390.6824091,249.5260483,23.82222778,37.29841194,0.070681322,2.322873523,0.069507882,0.043546233,316.9686048,23.60683328,22.56096129,2.745657853,55.59587083,1.439210645,2.588700605,1.306447208,-42.88667838,-120.9438258,-10.69255136,142.4455493,0.01871428,-0.419680513,4.584141499,0,0,1,0,51287,2000.003548,1686.003009,0.843000009,0.188000023,9,0.5,0: Broadleaf,1561904657,390.6824194,400.0053548,15.07501935,13.63831935,600.0167742,95.26991935,0.199984258,21.59519355,22.56096129,999.9,9997.453226,701.3222258,5.202503871,2000.003548,0.89999971,0.10000029,22,41744.61935,1561904020,10:13:40,3,3.002,0.149,402,18,0.97,0.19,5.79478829,0.515890084,0.057676546,-1,399.99755,0.181530957,0.023879856,1,390.71735,-0.65115197,0.064765558,1,13.6385325,-0.003682176,0.000497186,1,15.0697725,0.112107692,0.01079868,1,4,4,4-Apr,100,100,3.002,0.149,3,623.703,353.949,21.1133,21.9818,30.0001,21.9806,21.9578,19.5951,-30,-30,-999.9,400,0,103.87,105.474
8,CC1_NO3_1143,1561904734,553.5999999,20190630 10:25:33,10:25:33,,1561904726,0.00103667,4.193387309,293.2362184,197.493219,18.85458843,27.99512934,0.075475756,2.322531783,0.074139154,0.046455088,316.9680927,23.63490277,22.61403548,2.75451981,55.80694884,1.448980755,2.59641637,1.305539055,-45.71713078,-121.4789864,-10.74700088,139.0249746,0.01870998,-0.419584103,4.583280293,0,0,1,0,51278,1999.999032,1685.999515,0.843000165,0.188000109,9,0.5,0: Broadleaf,1561904726,293.2362258,299.9821613,15.1774129,13.64603871,600.0114839,95.26955161,0.199996742,21.64385161,22.61403548,999.9,9995.195161,701.5145806,5.160552258,1999.999032,0.899999161,0.100001,22,41744.56452,1561904020,10:13:40,3,3.002,0.149,402,18,0.97,0.19,4.129911908,0.849371811,0.0971023,-1,299.98325,0.044510319,0.016060433,1,293.28535,-0.949373358,0.095560596,1,13.64527,0.017212008,0.001703702,1,15.1740125,0.073644653,0.007091692,1,4,4,4-Apr,100,100,3.002,0.149,3,623.84,353.541,21.1471,21.9743,30,21.9731,21.9496,15.6663,-30,-30,-999.9,300,0,103.87,105.478
9,CC1_NO3_1143,1561904803,622.5999999,20190630 10:26:42,10:26:42,,1561904795,0.001067609,2.293131695,196.2220605,144.3439635,13.78091857,18.73386438,0.077541126,2.32285311,0.076131299,0.047706594,316.9668336,23.67856415,22.67496774,2.764724704,55.87225038,1.455475968,2.605006883,1.309248736,-47.08154607,-122.3606858,-10.82983116,136.6947705,0.018714023,-0.419674754,4.584090056,0,0,1,0,51217,1999.992581,1685.993846,0.84300005,0.187999994,9,0.5,0: Broadleaf,1561904795,196.2220645,199.9759032,15.24493226,13.66797097,600.0146129,95.27277742,0.199996323,21.69787742,22.67496774,999.9,9997.016129,701.3420968,4.603127742,1999.992581,0.90000029,0.099999777,22.18279032,41744.43871,1561904020,10:13:40,3,3.002,0.149,402,18,0.97,0.19,2.235202769,0.730981989,0.086988366,-1,199.980225,-0.096056285,0.02317055,1,196.2695,-0.90702439,0.091268012,1,13.6665475,0.029258161,0.002859282,1,15.2421375,0.058688555,0.005668628,1,4,4,4-Apr,100,100,3.002,0.149,3,623.944,353.37,21.186,21.9725,30.0001,21.9676,21.9441,11.5729,-30,-30,-999.9,200,0,103.872,105.48
10,CC1_NO3_1143,1561904871,691.0999999,20190630 10:27:51,10:27:51,,1561904863,0.001082419,0.341237812,99.30138327,90.19564205,8.611222077,9.480571838,0.079244189,2.323668236,0.077772893,0.048737973,316.9679978,23.65770308,22.65857419,2.761975876,56.1994073,1.462615072,2.60254537,1.299360804,-47.73466151,-122.2872409,-10.81778248,136.1283129,0.018724279,-0.419904753,4.586144433,0,0,1,0,51405,1999.999677,1685.999725,0.842999999,0.188000029,9,0.5,0: Broadleaf,1561904863,99.30138387,99.97445161,15.31971935,13.72100645,600.0155806,95.27272581,0.199980871,21.6824129,22.65857419,999.9,10002.50032,701.0266129,3.418526129,1999.999677,0.899999581,0.100000403,22.32796452,41744.57742,1561904020,10:13:40,3,3.002,0.149,402,18,0.97,0.19,0.279431092,0.784493443,0.091837747,-1,99.97637,-0.033923481,0.00983657,1,99.3512625,-0.913892183,0.095069873,1,13.71826,0.06175677,0.005952848,1,15.3156925,0.087015037,0.008378257,1,4,4,4-Apr,100,100,3.002,0.149,3,624.009,353.017,21.2095,21.9669,29.9999,21.9621,21.9386,7.32618,-30,-30,-999.9,100,0,103.872,105.484
11,CC1_NO3_1143,1561904934,753.5999999,20190630 10:28:53,10:28:53,,1561904926,0.001106274,-0.693427077,50.9545367,63.50623678,6.063168189,4.864812366,0.081663743,2.323260624,0.080101915,0.050201533,316.9677953,23.65175293,22.65451935,2.76129634,56.55341106,1.471959092,2.602776852,1.289337248,-48.78668633,-121.5756935,-10.75658199,135.8488334,0.01871915,-0.419789733,4.585117082,0,0,1,0,51293,1999.997742,1685.998155,0.843000029,0.188000084,9,0.5,0: Broadleaf,1561904926,50.95453548,49.99897097,15.41744839,13.78365806,600.0135484,95.27359355,0.199992935,21.68386774,22.65451935,999.9,9999.669355,700.9990323,3.463769355,1999.997742,0.899998935,0.100001061,22.5215129,41744.53226,1561904020,10:13:40,3,3.002,0.149,402,18,0.97,0.19,-0.76497433,0.903291551,0.108971383,-1,49.9949225,-0.038157841,0.020083893,1,51.00349,-0.976170191,0.097579231,1,13.7808425,0.06221995,0.006014644,1,15.413475,0.092368148,0.008950775,1,4,4,4-Apr,100,100,3.002,0.149,3,624.062,352.69,21.2218,21.9651,30.0001,21.9602,21.9386,5.19544,-30,-30,-999.9,50,0,103.872,105.485
12,CC1_NO3_1143,1561905007,827.0999999,20190630 10:30:07,10:30:07,,1561904999,0.001132566,6.654885723,389.3707948,255.108234,24.35647831,37.17520666,0.085110782,2.323505618,0.083415971,0.052284443,316.9678874,23.60369027,22.5984871,2.751921061,57.16842629,1.48438367,2.596509589,1.267537391,-49.94615259,-119.5087137,-10.56745902,136.9455621,0.018722233,-0.419858864,4.58573456,0,0,1,0,51189,1999.999355,1685.999512,0.843000028,0.187999988,9,0.5,0: Broadleaf,1561904999,389.3708065,400.0143871,15.54734194,13.87494194,600.0129677,95.27508065,0.199996484,21.64443871,22.5984871,999.9,10001.16,701.2078065,3.343742903,1999.999355,0.90000029,0.099999752,22,41744.54839,1561904020,10:13:40,3,3.002,0.149,402,18,0.97,0.19,6.738978374,-1.121950135,0.138507336,-1,400.01795,-0.069486114,0.027890814,1,389.318875,0.978521214,0.103114787,1,13.871915,0.066881801,0.006453857,1,15.5421775,0.11520755,0.011129656,1,4,4,4-Apr,100,100,3.002,0.149,3,624.16,353.371,21.2111,21.9743,30.0002,21.9695,21.9478,19.6288,-30,-30,-999.9,400,0,103.87,105.483
13,CC1_NO3_1143,1561905068,887.5999999,20190630 10:31:07,10:31:07,,1561905060,0.001169138,6.706514796,389.242343,258.5924438,24.68875929,37.16237943,0.088336208,2.323067618,0.086511655,0.054230574,316.9680854,23.62566059,22.62966774,2.757134742,57.48317937,1.495618436,2.601836663,1.261516306,-51.55900567,-119.1932825,-10.54502125,135.670776,0.018716721,-0.419735275,4.584630656,0,0,1,0,51206,1999.999677,1685.999582,0.842999927,0.188000097,9,0.5,0: Broadleaf,1561905060,389.2423548,399.9844839,15.66525161,13.93905806,600.0145484,95.27363548,0.199994484,21.67795806,22.62966774,999.9,9998.367742,700.9278065,3.371234516,1999.999677,0.899998323,0.100001535,22.53897419,41744.54516,1561904020,10:13:40,3,3.002,0.149,402,18,0.97,0.19,6.692433993,0.140155018,0.023142227,-1,399.985975,-0.071104732,0.019093831,1,389.261975,-0.327767648,0.03537901,1,13.936415,0.058634835,0.005661649,1,15.6609,0.09516449,0.00917096,1,4,4,4-Apr,100,100,3.002,0.149,3,624.16,353.203,21.2164,21.9892,30.0001,21.9802,21.9588,19.6316,-30,-30,-999.9,400,0,103.867,105.482
14,CC1_NO3_1143,1561905146,965.5999999,20190630 10:32:25,10:32:25,,1561905138,0.001174307,9.887268724,584.1323052,392.1486399,37.4424891,55.77315652,0.088760042,2.323655275,0.08691859,0.054486384,316.9675925,23.67454347,22.67917097,2.765429875,57.63626901,1.504292287,2.609975129,1.261137589,-51.78695805,-119.0242099,-10.53278322,135.6236413,0.018724116,-0.419901096,4.586111764,0,0,1,0,51310,1999.997742,1685.997975,0.842999939,0.187999984,9,0.5,0: Broadleaf,1561905138,584.1323226,599.9917419,15.75499355,14.02132903,600.0155161,95.28036452,0.199984742,21.72905161,22.67917097,999.9,10001.61129,700.7260645,3.913710645,1999.997742,0.899999968,0.099999961,23,41744.55161,1561904020,10:13:40,3,3.002,0.149,402,18,0.97,0.19,9.950270943,-0.745530042,0.085313715,-1,600.002675,-0.136593921,0.030236888,1,584.083475,0.946083167,0.093520048,1,14.019285,0.045450604,0.004391899,1,15.7535525,0.026033393,0.002796246,1,4,4,4-Apr,100,100,3.002,0.149,3,624.182,353.534,21.2343,22.0111,30.0001,21.9972,21.9754,27.1081,-30,-30,-999.9,600,0,103.867,105.482
15,CC1_NO3_1143,1561905222,1042.1,20190630 10:33:42,10:33:42,,1561905214,0.001081299,10.92311643,782.3274969,548.708286,52.39184675,74.69831123,0.081060272,2.322687528,0.079520835,0.049836399,316.9674341,23.70778673,22.69268065,2.767697448,57.40078477,1.498365956,2.610357962,1.269331492,-47.68528209,-120.3658011,-10.6568044,138.2595465,0.01871194,-0.41962804,4.583672774,0,0,1,0,51232,1999.996129,1685.996775,0.843000019,0.188000024,9,0.5,0: Broadleaf,1561905214,782.3275161,799.9804194,15.69262903,14.09619355,600.0226452,95.28213548,0.20001429,21.73145161,22.69268065,999.9,9994.921613,700.9539677,3.467149032,1999.996129,0.899999742,0.100000271,23,41744.50645,1561904020,10:13:40,3,3.002,0.149,402,18,0.97,0.19,10.99222641,-0.81171147,0.097268023,-1,799.992625,-0.236340784,0.028269849,1,782.2757,0.832395951,0.095238175,1,14.093505,0.054607903,0.005288617,1,15.69692,-0.096231658,0.009296187,1,4,4,4-Apr,100,100,3.002,0.149,3,624.157,353.831,21.2489,22.0282,30.0002,22.012,21.9904,34.1674,-30,-30,-999.9,800,0,103.863,105.479
16,CC1_NO3_1143,1561905294,1113.7,20190630 10:34:53,10:34:53,,1561905286,0.000918096,11.42440801,981.4804316,686.7902585,65.57948035,93.71853472,0.067093832,2.324300794,0.066036164,0.041366241,316.9683434,23.80925394,22.75916452,2.778880354,56.56025917,1.480944083,2.618347413,1.297936271,-40.48805518,-122.5129384,-10.84579499,143.1215549,0.018732239,-0.420083277,4.58773889,0,0,1,0,51354,2000.000323,1686.000392,0.84300006,0.18800016,9,0.5,0: Broadleaf,1561905286,981.4804516,999.9683226,15.50939355,14.15363548,600.0123871,95.28693871,0.199972387,21.78146774,22.75916452,999.9,10005.26032,701.3330323,4.373752581,2000.000323,0.899998,0.100002,23,41744.54194,1561904020,10:13:40,3,3.002,0.149,402,18,0.97,0.19,11.50227375,-1.039781795,0.121124334,-1,999.9905,-0.472998124,0.055200996,1,981.43235,0.905988743,0.097804282,1,14.1521725,0.032090432,0.003101531,1,15.5190025,-0.21271182,0.020478641,1,4,4,4-Apr,100,100,3.002,0.149,3,623.959,354.258,21.2763,22.0468,30.0001,22.0269,22.0067,40.9226,-30,-30,-999.9,1000,0,103.862,105.476
17,CC1_NO3_1143,1561905382,1201.7,20190630 10:36:21,10:36:21,,1561905374,0.000698919,11.64616578,1181.266754,780.8532671,74.56002685,112.7936382,0.049778503,2.322256749,0.049193236,0.030797783,316.967695,23.88401475,22.7843129,2.783120727,55.62381529,1.456618754,2.618696231,1.326501972,-30.82234427,-125.2807016,-11.10212361,149.7625255,0.018706521,-0.419506519,4.582587232,0,0,1,0,51393,1999.997419,1685.997973,0.843000074,0.188000045,9,0.5,0: Broadleaf,1561905374,1181.266774,1199.973871,15.25489677,14.22254194,600.0181935,95.28533226,0.19999129,21.78364839,22.7843129,999.9,9991.691935,701.2382581,5.37796,1999.997419,0.899999677,0.100000397,23,41744.52258,1561904020,10:13:40,3,3.002,0.149,402,18,0.97,0.19,11.70923615,-0.65596382,0.082648267,-1,1200.00475,-0.270506567,0.067785968,1,1181.22175,0.928142589,0.092975467,1,14.220375,0.044953846,0.004342738,1,15.260915,-0.132006754,0.012703731,1,4,4,4-Apr,100,100,3.002,0.149,3,623.652,354.311,21.2857,22.0655,30.0003,22.0468,22.0252,47.4101,-30,-30,-999.9,1200,0,103.861,105.473
18,CC1_NO3_1143,1561905468,1287.7,20190630 10:37:47,10:37:47,,1561905460,0.0005749,11.9821879,1480.751592,968.9263619,92.52416198,141.3990841,0.039982836,2.323223271,0.039604459,0.024786484,316.9668449,24.01209804,22.89032581,2.801058295,54.90879461,1.445723587,2.632954515,1.355334708,-25.35309657,-127.4738037,-11.30295849,152.8369861,0.01871868,-0.419779193,4.585022941,0,0,1,0,51323,1999.992258,1685.993452,0.842999989,0.188000045,9,0.5,0: Broadleaf,1561905460,1480.751613,1500.00129,15.13982581,14.29055484,600.0165484,95.29141935,0.20000871,21.87256774,22.89032581,999.9,9997.547742,701.3173226,4.502230645,1999.992258,0.899999323,0.100000642,23,41744.40323,1561904020,10:13:40,3,3.002,0.149,402,18,0.97,0.19,12.05676419,-0.9475254,0.115535155,-1,1500.0255,-0.326679174,0.060495868,1,1480.70625,0.979924953,0.104921101,1,14.2889875,0.034463415,0.003350611,1,15.1422225,-0.053600375,0.005178102,1,4,4,4-Apr,100,100,3.002,0.149,3,623.567,354.779,21.3225,22.0897,30.0002,22.0676,22.0473,56.6814,-30,-30,-999.9,1500,0,103.858,105.468
19,CC1_NO3_1143,1561905548,1367.7,20190630 10:39:07,10:39:07,,1561905540,0.000502747,12.85096028,1979.213203,1344.71373,128.410208,189.0002112,0.03475829,2.324061167,0.034472058,0.021570557,316.9675377,24.04627933,22.90872903,2.804182434,54.74648889,1.442468371,2.634814397,1.361714063,-22.17112596,-128.376229,-11.38060399,155.0395787,0.018729224,-0.420015644,4.587134853,0,0,1,0,51232,1999.997742,1685.998219,0.843000061,0.187999924,9,0.5,0: Broadleaf,1561905540,1979.213226,1999.981613,15.10555161,14.36284516,600.0178387,95.29260323,0.199995,21.88413548,22.90872903,999.9,10003.05484,701.5426129,5.411770645,1999.997742,0.900001323,0.099998794,23,41744.54194,1561904020,10:13:40,3,3.002,0.149,402,18,0.97,0.19,12.93588643,-1.241073393,0.157770989,-1,2000.00175,-0.761988743,0.145342483,1,1979.15225,0.976547842,0.112305109,1,14.3602925,0.04983152,0.004884434,1,15.1058125,-0.003132833,0.000648532,1,4,4,4-Apr,100,100,3.002,0.149,3,623.325,355.686,21.3581,22.1172,30.0001,22.0927,22.0712,71.0481,-30,-30,-999.9,2000,0,103.855,105.467
20,CC1_NO3_1162,1561908011,3830.5,20190630 11:20:10,11:20:10,,1561908003,0.000707411,3.784781926,393.9071547,288.7159042,27.57408298,37.62047192,0.062017507,2.322911168,0.061112135,0.038275327,316.9663061,23.03809127,21.66673871,2.600052559,61.05929636,1.51834815,2.486678099,1.081704409,-31.1968326,-91.06524284,-7.987606683,186.716624,0.018714753,-0.419691134,4.58423637,0,0,1,0,51422,1999.989677,1685.991219,0.842999961,0.187999974,9,0.5,0: Broadleaf,1561908003,393.9071613,400.0020968,15.89794516,14.85373548,600.0215484,95.30594194,0.199995129,20.93957097,21.66673871,999.9,9993.927419,715.7803226,3.783319032,1999.989677,0.900000194,0.099999768,21,41744.3871,1561907832,11:17:12,4,3.317,0.025,400,15,0.32,0.07,3.811907043,-0.332940674,0.040606857,-1,400.00655,-0.055564728,0.018990721,1,393.886,0.43819137,0.046427363,1,14.85303,0.018049531,0.001787344,1,15.8980175,-0.003612383,0.000491369,1,4,4,4-Apr,100,100,3.317,0.025,3,623.482,350.967,20.7811,22.3967,30.0001,22.4359,22.4155,19.6018,-30,-30,-999.9,400,0,103.788,105.411
21,CC1_NO3_1162,1561908078,3897.5,20190630 11:21:17,11:21:17,,1561908070,0.000688173,2.359945779,296.1334152,227.4332148,21.72199218,28.28350175,0.059882509,2.323219279,0.059038053,0.036973662,316.9661652,23.08818094,21.70927419,2.606822232,60.8621201,1.5175621,2.493442715,1.089260132,-30.34843207,-90.86965018,-7.972916844,187.7751661,0.01871863,-0.419778067,4.585012881,0,0,1,0,51514,1999.988387,1685.990249,0.84300002,0.187999999,9,0.5,0: Broadleaf,1561908070,296.1334194,299.9789032,15.88915161,14.87332581,600.0189355,95.30933226,0.199989871,20.98376452,21.70927419,999.9,9995.641935,715.6340968,2.961064516,1999.988387,0.900000097,0.099999929,21,41744.33871,1561907832,11:17:12,4,3.317,0.025,400,15,0.32,0.07,2.299305386,0.786420341,0.092590404,-1,299.97955,0.020757974,0.014310748,1,296.180825,-0.838682927,0.090399637,1,14.8719825,0.029530582,0.002851393,1,15.888505,0.012810507,0.00129092,1,4,4,4-Apr,100,100,3.317,0.025,3,623.467,350.867,20.8032,22.378,30,22.4207,22.4005,15.6608,-30,-30,-999.9,300,0,103.789,105.414
22,CC1_NO3_1162,1561908146,3965.5,20190630 11:22:25,11:22:25,,1561908138,0.000666119,1.104534772,198.1404174,163.764812,15.64058674,18.92367687,0.057693268,2.323758077,0.056909171,0.035637792,316.9673037,23.12570087,21.74094194,2.61187228,60.77013562,1.518146232,2.498178121,1.093726048,-29.37582911,-90.99013905,-7.984181634,188.6171539,0.018725409,-0.419930107,4.586370878,0,0,1,0,51336,1999.995806,1685.996507,0.843000021,0.187999977,9,0.5,0: Broadleaf,1561908138,198.1404194,199.995129,15.89575484,14.91249677,600.0226452,95.30638065,0.200013839,21.01463871,21.74094194,999.9,9999.571935,716.0140323,2.717584839,1999.995806,0.900000419,0.099999619,21,41744.5,1561907832,11:17:12,4,3.317,0.025,400,15,0.32,0.07,1.040283184,0.88320323,0.099579374,-1,199.9945,0.070018762,0.013645512,1,198.189725,-0.974825516,0.097435617,1,14.91168,0.015025891,0.001616818,1,15.896225,-0.010061538,0.001015074,1,4,4,4-Apr,100,100,3.317,0.025,3,623.596,350.657,20.8232,22.3571,30.0001,22.4018,22.3818,11.5603,-30,-30,-999.9,200,0,103.792,105.419
23,CC1_NO3_1162,1561908214,4033.5,20190630 11:23:33,11:23:33,,1561908206,0.000655857,-0.109967833,100.0461034,101.2962032,9.67445117,9.55505845,0.056895735,2.323507187,0.056132931,0.035150765,316.9674254,23.10760664,21.72374516,2.609128852,60.81868057,1.517337558,2.494854449,1.091791294,-28.92328893,-91.53996643,-8.031704617,188.4724654,0.018722252,-0.419859307,4.585738514,0,0,1,0,51413,1999.995806,1685.99652,0.843000028,0.188000047,9,0.5,0: Broadleaf,1561908206,100.0461032,99.97957742,15.88726129,14.91913548,600.0185161,95.30655484,0.199997871,20.99297419,21.72374516,999.9,9997.867742,716.0386774,3.521957097,1999.995806,0.899999452,0.100000561,21,41744.48065,1561907832,11:17:12,4,3.317,0.025,400,15,0.32,0.07,-0.177220575,0.864583094,0.100462495,-1,99.97822,0.062242402,0.023946536,1,100.09698,-0.93356848,0.096269599,1,14.91906,0.00393546,0.000649923,1,15.8869275,0.008299812,0.000851759,1,4,4,4-Apr,100,100,3.317,0.025,3,623.771,350.458,20.8199,22.3256,29.9998,22.3757,22.3555,7.3146,-30,-30,-999.9,100,0,103.794,105.425
24,CC1_NO3_1162,1561908277,4096.5,20190630 11:24:36,11:24:36,,1561908269,0.000666467,-0.762088927,51.0850465,71.31650979,6.811254187,4.878999798,0.057717054,2.324346198,0.056932511,0.035652419,316.9669629,23.12935781,21.75219032,2.613668118,60.82142993,1.519826456,2.498833811,1.093841662,-29.39121485,-91.88750927,-8.061521433,187.6267174,0.018732811,-0.420096093,4.587853345,0,0,1,0,51372,1999.993548,1685.994633,0.843000036,0.187999983,9,0.5,0: Broadleaf,1561908269,51.08504516,49.9930129,15.91318065,14.92941613,600.0172258,95.3074129,0.199983742,21.01890968,21.75219032,999.9,10003.41613,715.7249032,2.646316774,1999.993548,0.900000387,0.099999668,21,41744.44194,1561907832,11:17:12,4,3.317,0.025,400,15,0.32,0.07,-0.829393715,0.859716597,0.105001221,-1,49.993215,-0.005374109,0.014813398,1,51.1344675,-0.884569981,0.093353635,1,14.9287475,0.016294559,0.001619103,1,15.91139,0.040084053,0.003876132,1,4,4,4-Apr,100,100,3.317,0.025,3,623.918,350.403,20.8211,22.2946,30,22.3473,22.3275,5.18673,-30,-30,-999.9,50,0,103.799,105.431
25,CC1_NO3_1162,1561908349,4169,20190630 11:25:49,11:25:49,,1561908341,0.000698516,3.920466638,393.7206383,282.9787563,27.02797666,37.60519822,0.060804653,2.323111196,0.059934153,0.037536018,316.9681743,23.14243733,21.76692581,2.616022317,61.02404762,1.526994746,2.502283616,1.089027571,-30.80455354,-90.87188683,-7.978167989,187.313566,0.01871727,-0.419747571,4.584740481,0,0,1,0,51389,2000.001613,1686.00128,0.84299996,0.187999961,9,0.5,0: Broadleaf,1561908341,393.7206452,400.0136774,15.9874,14.95640968,600.018871,95.31237419,0.200013419,21.04136452,21.76692581,999.9,9994.596774,715.352129,4.792286774,2000.001613,0.900000387,0.099999581,21,41744.61935,1561907832,11:17:12,4,3.317,0.025,400,15,0.32,0.07,3.999023365,-1.034036024,0.123887956,-1,400.0209,-0.153118199,0.020306157,1,393.670525,0.904941839,0.097173038,1,14.9556825,0.016713321,0.001671958,1,15.9846425,0.058956473,0.005701793,1,4,4,4-Apr,100,100,3.317,0.025,3,623.91,351.152,20.8263,22.2582,29.9999,22.3128,22.2932,19.6089,-30,-30,-999.9,400,0,103.804,105.442
26,CC1_NO3_1162,1561908410,4229.5,20190630 11:26:49,11:26:49,,1561908402,0.000727168,4.048393356,393.5010252,284.1526647,27.14070359,37.58505907,0.063659831,2.323828316,0.06270664,0.039276102,316.9676391,23.13799517,21.76906774,2.616364675,61.23569242,1.532803051,2.503120305,1.083561624,-32.06810046,-90.48650665,-7.942188431,186.4708436,0.018726293,-0.419949929,4.586547919,0,0,1,0,51611,1999.999355,1685.999281,0.842999912,0.187999866,9,0.5,0: Broadleaf,1561908402,393.5010323,400.0027419,16.04785484,14.97462258,600.0085161,95.31453226,0.199981452,21.04680645,21.76906774,999.9,9999.18871,715.2194839,8.261618387,1999.999355,0.900001516,0.099998435,21,41744.55806,1561907832,11:17:12,4,3.317,0.025,400,15,0.32,0.07,4.029832383,0.26507347,0.036211848,-1,400.0046,-0.023054409,0.019427815,1,393.5193,-0.395166979,0.042297872,1,14.9738525,0.016145966,0.001613999,1,16.045265,0.055422889,0.005341748,1,4,4,4-Apr,100,100,3.317,0.025,3,624.122,351.042,20.8237,22.2261,29.9998,22.2835,22.2642,19.6063,-30,-30,-999.9,400,0,103.81,105.451
27,CC1_NO3_1162,1561908484,4304,20190630 11:28:04,11:28:04,,1561908476,0.000750436,6.193972599,590.0616021,428.6439441,40.94044669,56.35769711,0.066064861,2.324524486,0.065039215,0.040740333,316.9668221,23.13361902,21.77178387,2.616798867,61.45877095,1.538740645,2.503695764,1.078058222,-33.09422293,-90.38506069,-7.931169299,185.5563691,0.018735055,-0.420146417,4.588302783,0,0,1,0,51456,1999.992903,1685.99394,0.842999961,0.187999977,9,0.5,0: Broadleaf,1561908476,590.0616129,600.0165484,16.11051935,15.00302581,600.0137742,95.31155806,0.199990065,21.05054839,21.77178387,999.9,10004.17935,715.1494839,8.914510323,1999.992903,0.900000161,0.0999998,21.01076129,41744.46452,1561907832,11:17:12,4,3.317,0.025,400,15,0.32,0.07,6.256927411,-0.854277925,0.101173192,-1,600.015075,-0.016964353,0.035581166,1,590.0147,0.906281426,0.092476538,1,15.001095,0.040309193,0.003909984,1,16.1082625,0.048273546,0.004674007,1,4,4,4-Apr,100,100,3.317,0.025,3,624.121,351.409,20.817,22.1913,30,22.2496,22.2307,27.0723,-30,-30,-999.9,600,0,103.815,105.458
28,CC1_NO3_1162,1561908555,4374.6,20190630 11:29:14,11:29:14,,1561908547,0.00075543,7.282305342,788.2088582,598.6692768,57.17751273,75.27999811,0.066795906,2.323355973,0.065747112,0.041184803,316.966917,23.14194103,21.77240645,2.6168984,61.61169969,1.543421643,2.505078826,1.073476756,-33.31448493,-89.29150881,-7.839535899,186.5213874,0.01872035,-0.419816637,4.585357394,0,0,1,0,51384,1999.992903,1685.9942,0.843000091,0.188000004,9,0.5,0: Broadleaf,1561908547,788.208871,800.0251935,16.16018387,15.04537742,600.0147742,95.30769032,0.199988032,21.05953871,21.77240645,999.9,9996.732581,715.0203226,6.080455484,1999.992903,0.900000323,0.099999794,21.15726129,41744.43548,1561907832,11:17:12,4,3.317,0.025,400,15,0.32,0.07,7.335710699,-0.73819809,0.095911193,-1,800.007975,0.152343325,0.040448416,1,788.1594,0.760990939,0.099723067,1,15.044055,0.025409352,0.0025312,1,16.158905,0.02676566,0.002644045,1,4,4,4-Apr,100,100,3.317,0.025,3,624.083,351.729,20.7996,22.1612,29.9999,22.2205,22.2027,34.1213,-30,-30,-999.9,800,0,103.818,105.465
29,CC1_NO3_1162,1561908623,4443,20190630 11:30:23,11:30:23,,1561908615,0.000738301,7.999916239,986.902244,771.0740763,73.63924513,94.25130283,0.064968535,2.323864228,0.063976095,0.040072963,316.9675249,23.18344755,21.80480968,2.622083316,61.49707301,1.544001709,2.510691376,1.078081607,-32.55908283,-88.80545989,-7.797891197,187.805091,0.018726745,-0.419960064,4.58663844,0,0,1,0,51336,1999.996774,1685.997231,0.842999975,0.188000027,9,0.5,0: Broadleaf,1561908615,986.9022581,999.9947419,16.16719032,15.07767097,600.0154516,95.30215484,0.200012065,21.09597742,21.80480968,999.9,10000.72871,714.8320323,6.120494516,1999.996774,0.899999516,0.100000439,22,41744.51613,1561907832,11:17:12,4,3.317,0.025,400,15,0.32,0.07,8.081509383,-0.894133147,0.124408102,-1,1000.012775,-0.026824495,0.082948625,1,986.855175,0.86759914,0.09729771,1,15.075765,0.042994689,0.004168366,1,16.16738,-0.002997314,0.000634508,1,4,4,4-Apr,100,100,3.317,0.025,3,624.088,352.088,20.8031,22.1422,29.9999,22.1978,22.1805,40.866,-30,-30,-999.9,1000,0,103.819,105.467
30,CC1_NO3_1162,1561908691,4510.6,20190630 11:31:30,11:31:30,,1561908683,0.000702099,8.649447908,1185.773211,936.4839002,89.43685528,113.244688,0.061048401,2.324893534,0.060171624,0.037684991,316.9672498,23.25822756,21.88297097,2.634627112,61.28176901,1.544656175,2.520580263,1.089970938,-30.96257592,-90.6161268,-7.959123592,187.4294235,0.0187397,-0.420250595,4.589233148,0,0,1,0,51526,1999.996129,1685.996777,0.84300002,0.187999914,9,0.5,0: Broadleaf,1561908683,1185.773226,1199.995806,16.17393226,15.13784516,600.0163226,95.30283548,0.199986581,21.16000645,21.88297097,999.9,10007.57581,714.9735484,4.601303548,1999.996129,0.90000129,0.099998777,22,41744.50968,1561907832,11:17:12,4,3.317,0.025,400,15,0.32,0.07,8.746802972,-1.241704199,0.161187489,-1,1200.0115,-0.349005511,0.059352759,1,1185.71425,0.867818203,0.117534835,1,15.1353825,0.052310302,0.005057958,1,16.173885,-0.000374142,0.000407768,1,4,4,4-Apr,100,100,3.317,0.025,3,624.349,352.351,20.8262,22.1324,30,22.1818,22.1638,47.3423,-30,-30,-999.9,1200,0,103.822,105.471
31,CC1_NO3_1162,1561908763,4582.6,20190630 11:32:42,11:32:42,,1561908755,0.000651961,9.268204713,1484.66321,1192.204963,113.864827,141.7968594,0.056115698,2.323974187,0.055373667,0.034674393,316.9673449,23.32979778,21.93874839,2.643610697,61.04135172,1.54376712,2.529051333,1.099843578,-28.75149878,-90.71851716,-7.975753974,189.521575,0.018728129,-0.419991096,4.586915604,0,0,1,0,51429,1999.995161,1685.996008,0.843000044,0.188000057,9,0.5,0: Broadleaf,1561908755,1484.663226,1500.017097,16.1637871,15.20167419,600.0137097,95.30776452,0.199996774,21.21468065,21.93874839,999.9,10000.87903,715.2393226,7.697164516,1999.995161,0.899999387,0.100000642,22,41744.47419,1561907832,11:17:12,4,3.317,0.025,400,15,0.32,0.07,9.328858157,-0.704545212,0.102544429,-1,1500.02925,0.034559099,0.077407606,1,1484.618,0.862288931,0.094318609,1,15.1989475,0.061189869,0.005906183,1,16.16455,-0.016462289,0.001642863,1,4,4,4-Apr,100,100,3.317,0.025,3,623.947,352.87,20.8594,22.1268,30.0001,22.1698,22.1527,56.6013,-30,-30,-999.9,1500,0,103.823,105.474
32,CC1_NO3_1162,1561908845,4664.6,20190630 11:34:04,11:34:04,,1561908837,0.000598353,10.02134118,1983.156757,1630.449691,155.7153183,189.400438,0.050888726,2.323810979,0.050277637,0.031477816,316.9671713,23.42152433,22.01004516,2.655132885,60.75377914,1.543519129,2.540614182,1.111613755,-26.38738325,-90.32700723,-7.947783333,192.3049975,0.018726075,-0.419945036,4.586504221,0,0,1,0,51396,1999.995484,1685.996059,0.842999933,0.187999948,9,0.5,0: Broadleaf,1561908837,1983.156774,1999.968387,16.16173871,15.27873226,600.0121935,95.30455161,0.199970323,21.28905161,22.01004516,999.9,10000.11935,715.4817097,9.345327419,1999.995484,0.900000452,0.099999487,22,41744.48387,1561907832,11:17:12,4,3.317,0.025,400,15,0.32,0.07,10.08455589,-0.861865821,0.120075488,-1,1999.99825,-0.539099437,0.120828132,1,1983.111,0.99467167,0.099317672,1,15.2763875,0.054352345,0.005263515,1,16.16224,-0.011828893,0.001217333,1,4,4,4-Apr,100,100,3.317,0.025,3,623.789,353.768,20.9039,22.1343,30.0002,22.168,22.1508,70.9464,-30,-30,-999.9,2000,0,103.823,105.475
33,CC1_NO3_unksm,1561909384,5204.1,20190630 11:43:04,11:43:04,,1561909376,0.00027407,1.746096379,397.2056098,257.4135133,24.58357773,37.93404184,0.021102565,2.322971072,0.020996641,0.013132373,316.9678707,23.62461772,22.43643548,2.724963275,58.92287787,1.505983174,2.555854752,1.218980101,-12.08647072,-131.473982,-11.60336245,161.8040555,0.018715507,-0.419708035,4.584387339,0,0,1,0,51232,2000,1685.999864,0.842999932,0.187999938,9,0.5,0: Broadleaf,1561909376,397.2056129,399.9879677,15.76908065,15.36447097,600.0178387,95.30227419,0.200007,21.38662581,22.43643548,999.9,9994.714516,701.7429677,8.644472903,2000,0.900000581,0.099999361,22,41744.57419,1561909157,11:39:17,5,3.405,0.051,400,15,0.25,0.12,1.728901069,0.243370316,0.027631786,-1,399.992675,-0.143043152,0.019886412,1,397.224775,-0.514187617,0.049923185,1,15.364485,-0.003442402,0.000641697,1,15.7672675,0.046193246,0.00446522,1,4,4,4-Apr,100,100,3.405,0.051,3,623.314,350.353,21.0436,22.292,30.0001,22.2837,22.2605,19.6388,-30,-30,-999.9,400,0,103.797,105.443
34,CC1_NO3_unksm,1561909456,5276.1,20190630 11:44:16,11:44:16,,1561909448,0.000326195,1.277803833,297.9410945,211.8102056,20.22980797,28.45609403,0.0254129,2.322982003,0.025259456,0.015800869,316.968207,23.60706709,22.41129355,2.720801613,59.26903984,1.514768294,2.555749678,1.206033318,-14.38517882,-128.4099397,-11.33139964,162.8416888,0.018715644,-0.419711119,4.584414887,0,0,1,0,51550,2000.00129,1686.001093,0.843000003,0.188000001,9,0.5,0: Broadleaf,1561909448,297.9410968,300.0035161,15.85993226,15.37841613,600.0193548,95.30914516,0.199982484,21.38595484,22.41129355,999.9,9994.067419,701.8667742,2.542395161,2000.00129,0.9,0.100000003,22,41744.58065,1561909157,11:39:17,5,3.405,0.051,400,15,0.25,0.12,1.223603282,0.776133865,0.092079642,-1,300.01265,-0.103677298,0.027237428,1,297.98715,-0.98024015,0.095276059,1,15.377,0.031848405,0.003118012,1,15.854705,0.114538086,0.011032406,1,4,4,4-Apr,100,100,3.405,0.051,3,623.426,350.184,21.062,22.2845,30,22.2819,22.2605,15.6947,-30,-30,-999.9,300,0,103.797,105.444
35,CC1_NO3_unksm,1561909528,5348.1,20190630 11:45:28,11:45:28,,1561909520,0.000421759,0.718769864,198.7793858,160.2037815,15.30100652,18.98534885,0.033176086,2.322714995,0.032915064,0.020595195,316.9674583,23.62984128,22.45495806,2.72803282,59.72748179,1.53150365,2.564152387,1.19652917,-18.59958612,-127.1534604,-11.22736378,159.987048,0.018712285,-0.419635789,4.583741992,0,0,1,0,51428,1999.996452,1685.996994,0.842999993,0.188000014,9,0.5,0: Broadleaf,1561909520,198.7793871,199.9832581,16.03506774,15.41259355,600.0196452,95.30963548,0.200010903,21.43953548,22.45495806,999.9,9992.222258,701.6071613,2.841214516,1999.996452,0.899999774,0.10000021,22,41744.48387,1561909157,11:39:17,5,3.405,0.051,400,15,0.25,0.12,0.655949819,0.796878674,0.08953191,-1,199.97635,0.16432402,0.0275976,1,198.831575,-0.976253557,0.098601189,1,15.411505,0.023259228,0.002252105,1,16.02758,0.161486667,0.015544745,1,4,4,4-Apr,100,100,3.405,0.051,3,623.587,349.965,21.078,22.2765,30.0001,22.2763,22.2549,11.5874,-30,-30,-999.9,200,0,103.801,105.446
36,CC1_NO3_unksm,1561909597,5416.6,20190630 11:46:36,11:46:36,,1561909589,0.000538289,-0.190056798,100.1974519,105.2559405,10.05378165,9.570607595,0.042999599,2.323622625,0.042562381,0.0266404,316.9677757,23.61296877,22.47362258,2.731128947,60.3759701,1.550186992,2.567556248,1.180941954,-23.73853947,-126.8277379,-11.19652464,155.2049737,0.018723705,-0.419891882,4.58602947,0,0,1,0,51468,1999.99871,1685.998964,0.843000026,0.187999983,9,0.5,0: Broadleaf,1561909589,100.1974516,99.99327419,16.22935484,15.43504516,600.0147419,95.31746452,0.200010323,21.46119677,22.47362258,999.9,9997.499032,701.7284839,2.617800968,1999.99871,0.900000355,0.099999687,22,41744.57097,1561909157,11:39:17,5,3.405,0.051,400,15,0.25,0.12,-0.262077211,0.932350232,0.11000328,-1,99.987985,0.084958491,0.018980721,1,100.248,-0.945330368,0.096757687,1,15.4342775,0.018772515,0.001896113,1,16.2215625,0.172165056,0.016568339,1,4,4,4-Apr,100,100,3.405,0.051,3,623.94,349.879,21.1062,22.269,30,22.2706,22.2475,7.33121,-30,-30,-999.9,100,0,103.802,105.45
37,CC1_NO3_unksm,1561909659,5479.1,20190630 11:47:39,11:47:39,,1561909651,0.000658084,-0.762583587,51.08943682,72.97677642,6.970700974,4.880034506,0.053337033,2.325459281,0.052666616,0.032976167,316.9680417,23.60084261,22.49940645,2.735411111,60.99383086,1.568759553,2.571997087,1.166651559,-29.02151692,-126.6222447,-11.1726224,150.1516577,0.018746823,-0.420410321,4.590659509,0,0,1,0,51231,2000.000323,1686.000171,0.84299995,0.188000006,9,0.5,0: Broadleaf,1561909651,51.08943548,49.99602258,16.42345806,15.45257097,600.016871,95.31945806,0.199984097,21.48941935,22.49940645,999.9,10009.63355,701.9666452,1.705370645,2000.000323,0.89999971,0.100000223,22,41744.5871,1561909157,11:39:17,5,3.405,0.051,400,15,0.25,0.12,-0.842930224,1.05335011,0.122257642,-1,49.987255,0.183810191,0.02130785,1,51.142375,-0.996006506,0.103214102,1,15.45193,0.011756234,0.001260992,1,16.4148525,0.18541118,0.017819652,1,4,4,4-Apr,100,100,3.405,0.051,3,624.267,349.6,21.1247,22.2577,30,22.2613,22.2381,5.19739,-30,-30,-999.9,50,0,103.803,105.451
38,CC1_NO3_unksm,1561909732,5552.2,20190630 11:48:52,11:48:52,,1561909724,0.000791698,4.339611898,393.0507666,279.6789586,26.71561399,37.54516468,0.065877593,2.325464721,0.064858112,0.040626602,316.9678084,23.55521751,22.4568129,2.728340369,61.77759244,1.58868285,2.571616644,1.139657519,-34.91388485,-121.5854796,-10.72571643,149.7427276,0.018746891,-0.420411857,4.590673226,0,0,1,0,51296,1999.998065,1685.998402,0.843000017,0.188000065,9,0.5,0: Broadleaf,1561909724,393.0507742,400.0268065,16.63151613,15.46374516,600.0130645,95.32244516,0.19998571,21.48700323,22.4568129,999.9,10009.35645,702.4822581,1.419896452,1999.998065,0.899999161,0.100000829,22,41744.52258,1561909157,11:39:17,5,3.405,0.051,400,15,0.25,0.12,4.4242834,-1.060666492,0.133286402,-1,400.027675,0.01395407,0.022698444,1,392.992875,0.987396366,0.110390259,1,15.462975,0.014908325,0.001486901,1,16.6239375,0.165783059,0.015952832,1,4,4,4-Apr,100,100,3.405,0.051,3,624.527,350.369,21.147,22.2428,30,22.2482,22.2251,19.6528,-30,-30,-999.9,400,0,103.805,105.457
39,CC1_NO3_unksm,1561909793,5613.1,20190630 11:49:53,11:49:53,,1561909785,0.000908152,4.491572176,392.7196373,288.6981937,27.57723684,37.51364812,0.074978057,2.324028182,0.073659692,0.046153826,316.9684059,23.50855416,22.61680645,2.754983174,62.41807704,1.60415341,2.570014147,1.150829764,-40.04950096,-142.8320075,-12.61739703,121.4695004,0.018728809,-0.420006335,4.587051706,0,0,1,0,51341,2000.003226,1686.002805,0.843000043,0.187999928,9,0.5,0: Broadleaf,1561909785,392.7196452,399.9916452,16.79342258,15.45413226,600.0273871,95.32270645,0.200013968,21.47682258,22.61680645,999.9,9999.674194,703.6989355,1.7955,2000.003226,0.900001194,0.099998897,22,41744.63548,1561909157,11:39:17,5,3.405,0.051,400,15,0.25,0.12,4.472634195,0.224456448,0.029999958,-1,399.987575,-0.031491057,0.022849385,1,392.736525,-0.466321052,0.046504294,1,15.455145,-0.029405592,0.002868532,1,16.788825,0.120351969,0.011595964,1,4,4,4-Apr,100,100,3.405,0.051,3,624.636,350.392,21.1524,22.2269,30.0001,22.2338,22.2104,19.6535,-30,-30,-999.9,400,0,103.808,105.461
40,CC1_NO3_unksm,1561909867,5687.2,20190630 11:51:07,11:51:07,,1561909859,0.000993615,6.591368433,589.2341497,451.8949973,43.16568877,56.28453086,0.084240473,2.325312585,0.082581044,0.051759523,316.9682587,23.40492626,22.51998065,2.73883227,63.15771171,1.61571508,2.558222958,1.12311719,-43.81840488,-140.184923,-12.36590518,120.5990256,0.018744976,-0.420368902,4.590289646,0,0,1,0,51313,2000.000968,1686.000537,0.842999861,0.188000094,9,0.5,0: Broadleaf,1561909859,589.2341613,599.9990968,16.91467419,15.44950645,600.0180968,95.32151935,0.199982387,21.40174194,22.51998065,999.9,10008.43097,702.9595484,2.657794516,2000.000968,0.899998097,0.100001677,22,41744.56129,1561909157,11:39:17,5,3.405,0.051,400,15,0.25,0.12,6.671212802,-0.909080159,0.110192922,-1,600.017575,-0.147459356,0.039562538,1,589.1827,0.904077019,0.095572276,1,15.4485425,0.019221263,0.001910352,1,16.909105,0.121106569,0.011703716,1,4,4,4-Apr,100,100,3.405,0.051,3,624.834,350.667,21.1159,22.1955,29.9999,22.2081,22.1849,27.132,-30,-30,-999.9,600,0,103.811,105.465
41,CC1_NO3_unksm,1561909939,5759.2,20190630 11:52:19,11:52:19,,1561909931,0.001049514,7.384326774,787.6946,640.4631099,61.17966388,75.24381985,0.090017616,2.324327244,0.088124749,0.055244719,316.9683031,23.37038536,22.50042903,2.735581062,63.54502721,1.623904815,2.555518325,1.111676246,-46.28355678,-139.8389261,-12.33830309,118.5075171,0.018732572,-0.420090743,4.587805564,0,0,1,0,51500,2000.00129,1686.00111,0.843000011,0.188000056,9,0.5,0: Broadleaf,1561909931,787.6946129,800.0109032,16.99994839,15.45247097,600.0119032,95.32413548,0.199967194,21.38447742,22.50042903,999.9,10001.53387,703.4401935,4.632979032,2000.00129,0.899999258,0.100000729,22,41744.59032,1561909157,11:39:17,5,3.405,0.051,400,15,0.25,0.12,7.449968343,-0.975666101,0.112077532,-1,800.01605,-0.299144465,0.059612897,1,787.648525,0.861534709,0.093361123,1,15.453455,-0.018245403,0.001844173,1,16.9987075,0.026432645,0.002590887,1,4,4,4-Apr,100,100,3.405,0.051,3,625.027,351.163,21.0877,22.1615,30,22.1774,22.1546,34.1929,-30,-30,-999.9,800,0,103.816,105.474
42,CC1_NO3_unksm,1561910009,5829.2,20190630 11:53:29,11:53:29,,1561910001,0.001061963,8.010731013,986.4360182,825.7061345,78.87207444,94.22511449,0.090982793,2.324278931,0.089049548,0.05582624,316.9678203,23.38384713,22.51523871,2.73804343,63.51679222,1.624922998,2.558257338,1.113120433,-46.83257624,-139.5009256,-12.31075782,118.3235606,0.018731964,-0.420077106,4.587683778,0,0,1,0,51276,2000.000645,1686.000465,0.842999961,0.187999842,9,0.5,0: Broadleaf,1561910001,986.4360323,1000.023032,17.01120323,15.44540645,600.0191935,95.32076452,0.199991774,21.40196129,22.51523871,999.9,10001.5629,702.9790968,4.313917742,2000.000645,0.900002065,0.099997961,22,41744.6129,1561909157,11:39:17,5,3.405,0.051,400,15,0.25,0.12,8.076178323,-0.795051186,0.107374046,-1,1000.016825,0.208108818,0.039691238,1,986.38005,0.925846154,0.10800971,1,15.4448725,0.009337711,0.00113181,1,17.010845,0.008078049,0.000828538,1,4,4,4-Apr,100,100,3.405,0.051,3,625.013,351.46,21.0808,22.1287,29.9999,22.1457,22.1232,40.9407,-30,-30,-999.9,1000,0,103.821,105.484
43,CC1_NO3_unksm,1561910080,5900.2,20190630 11:54:40,11:54:40,,1561910072,0.001046215,8.618127193,1185.228372,1006.482514,96.14084994,113.2149456,0.088995185,2.324600026,0.087144809,0.05462855,316.9670889,23.40491959,22.54520968,2.743032564,63.35718136,1.622455216,2.560807128,1.120577348,-46.13806098,-141.2383468,-12.46529249,117.1253887,0.018736006,-0.42016774,4.588493214,0,0,1,0,51548,1999.995484,1685.99603,0.842999919,0.187999902,9,0.5,0: Broadleaf,1561910072,1185.228387,1200.015161,16.9852129,15.44259032,600.0170968,95.32164194,0.19998771,21.41822258,22.54520968,999.9,10003.62871,703.5899677,8.324166129,1999.995484,0.900001032,0.09999891,22,41744.5129,1561909157,11:39:17,5,3.405,0.051,400,15,0.25,0.12,8.682126803,-0.89584119,0.104282918,-1,1200.01575,-0.111557223,0.039742138,1,1185.18025,0.955609756,0.099887124,1,15.44315,-0.012670919,0.001298075,1,16.986775,-0.032897561,0.003189181,1,4,4,4-Apr,100,100,3.405,0.051,3,625.034,351.849,21.0816,22.0971,30,22.1136,22.0913,47.4238,-30,-30,-999.9,1200,0,103.825,105.491
44,CC1_NO3_unksm,1561910151,5971.2,20190630 11:55:51,11:55:51,,1561910143,0.001026589,9.215787129,1483.880306,1283.309017,122.5834711,141.742321,0.08634591,2.321792715,0.084600837,0.053029373,316.9676515,23.43890093,22.5761871,2.748197596,62.99000187,1.615569423,2.564802946,1.132628172,-45.27256182,-141.759055,-12.5299716,117.4060631,0.018700684,-0.419375635,4.581417983,0,0,1,0,51305,1999.999355,1685.999309,0.842999926,0.18799987,9,0.5,0: Broadleaf,1561910143,1483.880323,1499.988387,16.91316774,15.3993871,600.0230323,95.32138387,0.200013903,21.44367742,22.5761871,999.9,9984.796774,704.0443548,6.087842258,1999.999355,0.900001516,0.099998452,22,41744.56129,1561909157,11:39:17,5,3.405,0.051,400,15,0.25,0.12,9.306269778,-1.038419427,0.135076942,-1,1499.997,-0.115947467,0.060588778,1,1483.81775,0.955609756,0.118774734,1,15.4007925,-0.032502439,0.003175326,1,16.9161025,-0.065582364,0.006334133,1,4,4,4-Apr,100,100,3.405,0.051,3,625.068,352.369,21.0898,22.0653,29.9998,22.0811,22.0589,56.6998,-30,-30,-999.9,1500,0,103.831,105.498
45,CC1_NO3_unksm,1561910226,6046.2,20190630 11:57:06,11:57:06,,1561910218,0.001002146,10.05630479,1981.921595,1748.518175,167.0334456,189.3301412,0.083139677,2.324251804,0.081522163,0.051094058,316.968036,23.49748448,22.63745161,2.758437622,62.60822989,1.610967965,2.573092975,1.147469657,-44.19464912,-142.982374,-12.63204617,117.1589667,0.018731623,-0.42006945,4.587615397,0,0,1,0,51375,1999.999355,1685.999674,0.843000109,0.188000058,9,0.5,0: Broadleaf,1561910218,1981.921613,1999.984839,16.86372903,15.3859,600.0164194,95.32856774,0.200004968,21.49637742,22.63745161,999.9,10000.56194,703.5043226,6.959967742,1999.999355,0.899999645,0.100000468,22,41744.56129,1561909157,11:39:17,5,3.405,0.051,400,15,0.25,0.12,10.13645638,-0.826343453,0.122830273,-1,1999.996,0.204652908,0.086336551,1,1981.86775,0.999737336,0.105462967,1,15.3860775,-0.004733583,0.00049623,1,16.8655575,-0.041481051,0.004025288,1,4,4,4-Apr,100,100,3.405,0.051,3,625.033,353.352,21.1114,22.0408,30,22.0524,22.0306,71.0662,-30,-30,-999.9,2000,0,103.835,105.506
46,CC1_NO3_1168,1561911270,7089.9,20190630 12:14:30,12:14:30,,1561911262,0.00049747,3.502399109,394.4474132,249.1303126,23.80061554,37.68345623,0.040660658,2.32481079,0.040269675,0.025203362,316.9686871,23.31194817,22.23972581,2.692550745,61.08465556,1.538498644,2.518633575,1.154052101,-21.93843385,-136.9044468,-12.04632658,146.0794799,0.018738659,-0.420227236,4.589024547,12,2,1,0,51419,2000.003871,1686.003316,0.843000027,0.188000038,9,0.5,0: Broadleaf,1561911262,394.4474194,399.9952258,16.10406452,15.36989355,600.0141613,95.33482903,0.199974774,21.14741935,22.23972581,999.9,10003.66129,701.9509677,4.076045484,2000.003871,0.899999581,0.100000435,21,41744.63871,1561910332,11:58:51,6,3.354,0.049,400,15,0.4,0.15,3.470682958,0.446774294,0.051137219,-1,399.999075,-0.059606004,0.017453349,1,394.482,-0.776487805,0.075892358,1,15.371135,-0.027993996,0.002709848,1,16.1008425,0.069772233,0.006717175,1,4,4,4-Apr,100,100,3.354,0.049,3,596.889,349.983,20.8803,21.9447,29.9999,21.9467,21.9239,19.6512,-30,-30,-999.9,400,0,103.832,105.514
47,CC1_NO3_1168,1561911346,7165.9,20190630 12:15:46,12:15:46,,1561911338,0.000568079,2.666071307,295.741705,199.8525331,19.09396023,28.25523533,0.047287759,2.323719121,0.046759589,0.029271705,316.9697779,23.25405768,22.17842903,2.68251986,61.57829332,1.547503585,2.513066702,1.135016275,-25.05227476,-133.6763263,-11.76197633,146.4792005,0.018724919,-0.419919113,4.586272689,12,2,1,0,51393,2000.01129,1686.00943,0.842999956,0.188000003,9,0.5,0: Broadleaf,1561911338,295.7417097,299.9927419,16.1974,15.3591,600.0115161,95.34025484,0.199991452,21.11137742,22.17842903,999.9,9995.757419,701.3943226,5.252373548,2000.01129,0.899999774,0.100000168,21,41744.81613,1561910332,11:58:51,6,3.354,0.049,400,15,0.4,0.15,2.619019755,0.625848513,0.070269023,-1,299.99395,-0.011819887,0.023434963,1,295.786575,-0.981422139,0.095531902,1,15.358875,0.002631895,0.000520937,1,16.19325,0.095173734,0.009196902,1,4,4,4-Apr,100,100,3.354,0.049,3,597.035,349.907,20.8502,21.9244,30.0001,21.9296,21.9073,15.7061,-30,-30,-999.9,300,0,103.838,105.521
48,CC1_NO3_1168,1561911416,7235.9,20190630 12:16:56,12:16:56,,1561911408,0.000634364,1.505906067,197.554449,148.6787153,14.2047917,18.87438826,0.053470863,2.324151176,0.052796727,0.033057814,316.9671457,23.20621986,22.1558129,2.678827122,62.02884483,1.5563351,2.509050595,1.122492022,-27.97543774,-134.1308375,-11.79685148,143.0640189,0.018730356,-0.420041048,4.587361738,12,2,1,0,51496,1999.995806,1685.996341,0.842999938,0.187999901,9,0.5,0: Broadleaf,1561911408,197.5544516,200.0012258,16.28984839,15.35382903,600.0164194,95.34018065,0.200002613,21.08533226,22.1558129,999.9,9998.667742,701.3120323,5.946283226,1999.995806,0.900001129,0.099998839,21,41744.51935,1561910332,11:58:51,6,3.354,0.049,400,15,0.4,0.15,1.443077222,0.805342642,0.092662003,-1,199.998,0.036787992,0.01344061,1,197.601625,-0.927253283,0.091592764,1,15.354725,-0.017977486,0.001817794,1,16.2867,0.06913621,0.006657252,1,4,4,4-Apr,100,100,3.354,0.049,3,597.309,349.829,20.8271,21.904,30.0002,21.9123,21.8903,11.5947,-30,-30,-999.9,200,0,103.838,105.522
49,CC1_NO3_1168,1561911485,7304.9,20190630 12:18:05,12:18:05,,1561911477,0.000698334,0.125441968,99.68681913,94.41591936,9.020966679,9.524574668,0.059363629,2.323422457,0.058533706,0.036657165,316.9672626,23.19767687,22.15352903,2.678454461,62.28468219,1.563865361,2.510834616,1.1145891,-30.79653138,-132.3529159,-11.64468338,142.173132,0.018721186,-0.419835397,4.58552496,11,2,1,0,51307,1999.994839,1685.995604,0.842999977,0.188000053,9,0.5,0: Broadleaf,1561911477,99.68681935,99.97939677,16.36784516,15.33751613,600.0155484,95.34497097,0.20000429,21.09690645,22.15352903,999.9,9993.270323,701.1100645,6.686594516,1999.994839,0.899999161,0.100000784,21,41744.47097,1561910332,11:58:51,6,3.354,0.049,400,15,0.4,0.15,0.063017376,0.848209903,0.095402159,-1,99.9796925,0.124830394,0.023526457,1,99.7366475,-0.91375272,0.095558043,1,15.337575,-0.001411632,0.000356896,1,16.3641025,0.077658912,0.007500283,1,4,4,4-Apr,100,100,3.354,0.049,3,597.592,349.661,20.8188,21.8892,30,21.8988,21.8762,7.33613,-30,-30,-999.9,100,0,103.837,105.525
50,CC1_NO3_1168,1561911549,7368.9,20190630 12:19:09,12:19:09,,1561911541,0.000754554,-0.683613911,50.95363345,67.06484174,6.407636786,4.868309052,0.064302006,2.324473408,0.063329911,0.039667309,316.9675888,23.21595565,22.1916129,2.684674564,62.45148318,1.571659,2.516607964,1.113015565,-33.27581205,-132.497675,-11.65662796,139.5374737,0.018734412,-0.420131999,4.58817402,11,2,1,0,51408,1999.998387,1685.99848,0.84299992,0.187999926,9,0.5,0: Broadleaf,1561911541,50.95363226,49.98590968,16.4496,15.33641935,600.017,95.34390645,0.199997323,21.1343129,22.1916129,999.9,10000.44194,700.9866774,7.903494839,1999.998387,0.90000071,0.099999223,21,41744.55484,1561910332,11:58:51,6,3.354,0.049,400,15,0.4,0.15,-0.738758094,0.745208926,0.08857274,-1,49.99298,-0.120923077,0.016042275,1,51.0001325,-0.902862664,0.091794998,1,15.33604,0.010084053,0.001101317,1,16.4459525,0.081860038,0.007888948,1,4,4,4-Apr,100,100,3.354,0.049,3,598.007,349.48,20.8279,21.8837,30,21.8901,21.8689,5.20017,-30,-30,-999.9,50,0,103.836,105.526
51,CC1_NO3_1168,1561911624,7443.9,20190630 12:20:24,12:20:24,,1561911616,0.000816819,5.413334266,391.4246679,260.1592422,24.8557666,37.39694238,0.070220706,2.324506605,0.069063175,0.043266895,316.9684075,23.22876554,22.20293548,2.686526277,62.72697769,1.581796456,2.521716356,1.104729821,-36.02172086,-129.7785323,-11.41982215,139.7483322,0.01873483,-0.42014137,4.588257706,11,2,1,0,51419,2000.004194,1686.003328,0.842999897,0.187999871,9,0.5,0: Broadleaf,1561911616,391.4246774,400.024,16.55627742,15.35137097,600.0183871,95.34057419,0.200012387,21.16734839,22.20293548,999.9,10001.01452,700.9253871,4.128049677,2000.004194,0.900001387,0.099998542,21.01076129,41744.67097,1561910332,11:58:51,6,3.354,0.049,400,15,0.4,0.15,5.482770273,-0.963386098,0.113896503,-1,400.025725,-0.201174484,0.033826016,1,391.37945,0.781463415,0.089738774,1,15.3514425,-0.003875797,0.000693501,1,16.55282,0.073794371,0.007136813,1,4,4,4-Apr,100,100,3.354,0.049,3,598.286,350.129,20.8472,21.8874,30,21.8901,21.8689,19.6575,-30,-30,-999.9,400,0,103.836,105.525
52,CC1_NO3_1168,1561911685,7504.4,20190630 12:21:24,12:21:24,,1561911677,0.00085842,5.529602136,391.2234419,264.1784613,25.24169796,37.38057943,0.074293382,2.325086609,0.072999339,0.045738974,316.9676533,23.22525035,22.20858065,2.687449914,62.97305733,1.58901957,2.523332417,1.098430344,-37.85630374,-129.2100427,-11.36789213,138.5334147,0.018742131,-0.420305102,4.589719913,11,2,1,0,51327,1999.998065,1685.99826,0.842999946,0.187999988,9,0.5,0: Broadleaf,1561911677,391.2234516,400.0213871,16.63060645,15.36442258,600.0149032,95.3479129,0.199989968,21.1777871,22.20858065,999.9,10004.14194,700.913,8.320694839,1999.998065,0.899999935,0.1,21.02822903,41744.55806,1561910332,11:58:51,6,3.354,0.049,400,15,0.4,0.15,5.521230777,0.071713126,0.01903816,-1,400.020075,-0.1095197,0.020370797,1,391.22635,-0.137966229,0.018644771,1,15.3639325,0.017602627,0.001802829,1,16.628375,0.064363227,0.00621831,1,4,4,4-Apr,100,100,3.354,0.049,3,598.549,350.275,20.862,21.8961,30.0003,21.8965,21.8762,19.6527,-30,-30,-999.9,400,0,103.832,105.523
53,CC1_NO3_1168,1561911759,7578.4,20190630 12:22:38,12:22:38,,1561911751,0.000886452,8.313978688,586.758179,402.9368971,38.50131293,56.0657523,0.077388876,2.324571657,0.075985544,0.047614929,316.9686621,23.22236567,22.20823871,2.68739396,63.29371325,1.597676515,2.524226235,1.089717445,-39.09254072,-128.4153425,-11.30078912,138.1599897,0.018735649,-0.420159732,4.588421696,11,2,1,0,51512,2000.004516,1686.003808,0.843,0.187999968,9,0.5,0: Broadleaf,1561911751,586.7581935,600.009,16.72054194,15.41313226,600.0163548,95.35172258,0.199995839,21.18355806,22.20823871,999.9,10000.28226,700.7515161,7.354834194,2000.004516,0.900000452,0.099999565,21.20699677,41744.66129,1561910332,11:58:51,6,3.354,0.049,400,15,0.4,0.15,8.375195288,-0.779165374,0.097393033,-1,600.01145,0.047819887,0.039573318,1,586.7122,0.900337711,0.092545448,1,15.4113125,0.040681801,0.003940316,1,16.7177375,0.063769981,0.006172183,1,4,4,4-Apr,100,100,3.354,0.049,3,598.755,350.651,20.8679,21.9132,30.0002,21.9104,21.889,27.1304,-30,-30,-999.9,600,0,103.831,105.521
54,CC1_NO3_1168,1561911830,7649.4,20190630 12:23:49,12:23:49,,1561911822,0.00088597,9.416600329,784.8566609,573.7522807,54.82203057,74.99305415,0.077128685,2.324492287,0.075734635,0.047457298,316.9677698,23.26576168,22.24604516,2.693586737,63.25448165,1.600929466,2.530934449,1.092657271,-39.07126395,-127.7281769,-11.24533926,138.9229897,0.01873465,-0.420137328,4.588221614,10,2,1,0,51249,1999.999355,1685.999376,0.84299996,0.187999933,9,0.5,0: Broadleaf,1561911822,784.8566774,800.0241935,16.7548871,15.44823548,600.0167419,95.35,0.200000258,21.2268129,22.24604516,999.9,9999.929677,700.8683871,9.609891613,1999.999355,0.900000774,0.099999206,21.99596452,41744.58065,1561910332,11:58:51,6,3.354,0.049,400,15,0.4,0.15,9.488540226,-0.866749071,0.109299715,-1,800.02555,0.082637283,0.020997559,1,784.805575,0.947332493,0.100371034,1,15.44704,0.028441723,0.00277018,1,16.7548975,-0.000617244,0.000545659,1,4,4,4-Apr,100,100,3.354,0.049,3,598.975,350.797,20.8862,21.9344,30.0003,21.927,21.9072,34.1898,-30,-30,-999.9,800,0,103.828,105.515
55,CC1_NO3_1168,1561911898,7717.9,20190630 12:24:58,12:24:58,,1561911890,0.000829085,10.16987039,983.530337,735.1895055,70.253524,93.98457353,0.071131416,2.325360347,0.069944368,0.043820231,316.9676671,23.32695167,22.31176774,2.704381968,62.93776946,1.597175843,2.537706463,1.107206124,-36.56264121,-130.5537177,-11.49620569,138.3551026,0.018745577,-0.420382387,4.590410067,10,2,1,0,51410,1999.998387,1685.998632,0.842999996,0.187999955,9,0.5,0: Broadleaf,1561911890,983.5303548,1000.007839,16.71413548,15.49132903,600.017,95.35841935,0.199968613,21.27037742,22.31176774,999.9,10004.87903,700.5642581,4.997862903,1999.998387,0.900000613,0.099999403,22,41744.56129,1561910332,11:58:51,6,3.354,0.049,400,15,0.4,0.15,10.25907619,-1.117953099,0.146659307,-1,1000.02345,-0.226284025,0.046730049,1,983.48115,0.851213098,0.100930558,1,15.4897225,0.036845185,0.003568507,1,16.71747,-0.071861004,0.006916618,1,4,4,4-Apr,100,100,3.354,0.049,3,598.929,351.268,20.908,21.9638,30.0002,21.9525,21.9322,40.9348,-30,-30,-999.9,1000,0,103.823,105.509
56,CC1_NO3_1168,1561911969,7788.4,20190630 12:26:08,12:26:08,,1561911961,0.000715948,10.9558447,1182.315465,866.9480533,82.84777676,112.9850944,0.060033494,2.324800926,0.059185376,0.037066062,316.9674109,23.4118302,22.38715484,2.716811245,62.34742397,1.586849012,2.545171734,1.129962234,-31.57331282,-133.9665874,-11.80697848,139.6205322,0.018738535,-0.420224451,4.588999679,10,2,1,0,51368,1999.996452,1685.997062,0.843000027,0.187999978,9,0.5,0: Broadleaf,1561911961,1182.315484,1200.018387,16.60534194,15.5492871,600.0196129,95.36257419,0.199987419,21.31828387,22.38715484,999.9,10000.68452,700.5482903,9.110561935,1999.996452,0.900000419,0.099999626,22,41744.49032,1561910332,11:58:51,6,3.354,0.049,400,15,0.4,0.15,11.01373116,-0.851170484,0.102737814,-1,1200.01675,-0.134748177,0.052363513,1,1182.264,0.928733941,0.100990099,1,15.546905,0.051412325,0.004967794,1,16.60994,-0.101611852,0.009782096,1,4,4,4-Apr,100,100,3.354,0.049,3,599.152,351.732,20.9347,21.9993,30.0004,21.9832,21.9632,47.4145,-30,-30,-999.9,1200,0,103.822,105.505
57,CC1_NO3_1168,1561912043,7862.9,20190630 12:27:23,12:27:23,,1561912035,0.000592758,11.6769472,1481.221592,1067.223316,101.9842625,141.5460938,0.048524215,2.32490396,0.047968518,0.030029721,316.9669443,23.50504337,22.45707742,2.728384231,61.6441196,1.574106289,2.553538438,1.154277942,-26.14062428,-136.0252741,-11.99541953,142.8056264,0.018739832,-0.420253538,4.589259434,10,2,1,0,51355,1999.993548,1685.994538,0.842999989,0.187999983,9,0.5,0: Broadleaf,1561912035,1481.221613,1500.053548,16.47237419,15.59790645,600.0157419,95.36038387,0.199993161,21.37182903,22.45707742,999.9,10001.60645,700.7796129,38.53350645,1999.993548,0.900000194,0.0999998,22,41744.45161,1561910332,11:58:51,6,3.354,0.049,400,15,0.4,0.15,11.72179403,-0.727552716,0.089722363,-1,1500.03275,-0.067385548,0.082492045,1,1481.16725,0.828978113,0.102444802,1,15.5963675,0.032252545,0.003133878,1,16.476195,-0.082025535,0.007918679,1,4,4,4-Apr,100,100,3.354,0.049,3,599.045,352.252,20.9696,22.0404,30.0004,22.0191,21.9989,56.6825,-30,-30,-999.9,1500,0,103.819,105.501
58,CC1_NO3_1168,1561912127,7946.9,20190630 12:28:47,12:28:47,,1561912119,0.000496498,12.52118524,1979.791591,1436.958591,137.3216716,189.1970251,0.039726547,2.323648627,0.039353049,0.02462892,316.9668616,23.60506008,22.54845806,2.743573786,61.03564402,1.565067949,2.564186836,1.178505837,-21.89557265,-138.8900745,-12.26460355,143.9166109,0.018724032,-0.41989922,4.586095009,10,2,1,0,51438,1999.992581,1685.993752,0.843000003,0.188000022,9,0.5,0: Broadleaf,1561912119,1979.791613,2000.047419,16.37715161,15.64461613,600.0123226,95.36412258,0.199989323,21.43975484,22.54845806,999.9,9992.782258,701.5576774,4.472112258,1999.992581,0.89999971,0.100000284,22,41744.4,1561910332,11:58:51,6,3.354,0.049,400,15,0.4,0.15,12.56141104,-0.583473212,0.077804692,-1,2000.047,-0.022670047,0.046,1,1979.7405,0.996027051,0.107423228,1,15.6429425,0.037991551,0.003681636,1,16.3789375,-0.038491478,0.00376083,1,4,4,4-Apr,100,100,3.354,0.049,3,599.282,353.081,21.0232,22.094,30.0003,22.0665,22.046,71.0353,-30,-30,-999.9,2000,0,103.809,105.487
59,CC1_NO3_1167,1561913017,8836.5,20190630 12:43:36,12:43:36,,1561913009,0.000542705,4.848773982,392.4196367,205.1311672,19.60778897,37.51005529,0.043185987,2.325894446,0.042745418,0.026755095,316.9677807,23.54467214,22.71356129,2.771205423,61.98903359,1.58527401,2.557345901,1.185931414,-23.93326886,-165.1955792,-14.58243602,113.2564966,0.018752302,-0.420533198,4.591756747,4,1,1,0,51527,1999.999677,1685.999627,0.842999949,0.187999912,9,0.5,0: Broadleaf,1561913009,392.4196452,400.0120645,16.58469032,15.78415484,600.0152903,95.38662258,0.199968355,21.39614516,22.71356129,999.9,10005.50903,702.2424194,10.0199229,1999.999677,0.900001032,0.099998945,22,41744.58065,1561912806,12:40:05,7,3.501,0.066,400,16,0.24,0.06,4.836800355,0.119251967,0.020753867,-1,400.002475,0.065617261,0.025390931,1,392.423875,-0.142998124,0.018877483,1,15.783885,0.006324203,0.000711881,1,16.5848,0.000195872,0.000495984,1,4,4,4-Apr,100,100,3.501,0.066,3,606.808,350.346,21.0817,22.2559,30,22.2604,22.2396,19.6335,-30,-30,-999.9,400,0,103.783,105.456
60,CC1_NO3_1167,1561913085,8904.6,20190630 12:44:44,12:44:44,,1561913077,0.000556199,3.262072143,294.856962,170.7588052,16.32244247,28.18470061,0.044121928,2.324861995,0.043661963,0.027329653,316.9684358,23.55719959,22.74493226,2.7764831,61.98017706,1.586605755,2.559859991,1.189877345,-24.52836013,-167.0439639,-14.75570586,110.640406,0.018739303,-0.420241691,4.589153636,4,1,1,0,51383,2000.001935,1686.001662,0.843000015,0.188000073,9,0.5,0: Broadleaf,1561913077,294.8569677,299.9959032,16.59842903,15.77800645,600.02,95.38772258,0.199983452,21.41218387,22.74493226,999.9,9998.458065,702.6502903,11.27454839,2000.001935,0.899999032,0.100000952,22,41744.60968,1561912806,12:40:05,7,3.501,0.066,400,16,0.24,0.06,3.194084707,0.866250177,0.102807575,-1,299.9913,0.044360542,0.022862852,1,294.90465,-0.911508997,0.091856015,1,15.778595,-0.012492099,0.001231249,1,16.5979075,0.008706399,0.000997594,1,4,4,4-Apr,100,100,3.501,0.066,3,606.839,350.179,21.0877,22.2577,30,22.2613,22.2399,15.6913,-30,-30,-999.9,300,0,103.78,105.453
61,CC1_NO3_1167,1561913153,8973.1,20190630 12:45:53,12:45:53,,1561913145,0.000577661,1.699362241,197.2644164,133.7419674,12.78369086,18.85546748,0.045633497,2.324138958,0.045141515,0.028257207,316.9676278,23.60073611,22.78737097,2.783636745,61.86239855,1.588444128,2.567705368,1.195192617,-25.47485981,-166.0494412,-14.6793105,110.7640164,0.018730203,-0.4200376,4.587330941,4,1,1,0,51606,1999.998387,1685.998744,0.843000052,0.187999919,9,0.5,0: Broadleaf,1561913145,197.2644194,199.9843226,16.61817742,15.76610645,600.0150323,95.38475484,0.199982774,21.46214516,22.78737097,999.9,9993.913226,702.8834194,10.39392581,1999.998387,0.900001355,0.099998752,22,41744.54516,1561912806,12:40:05,7,3.501,0.066,400,16,0.24,0.06,1.632641162,0.892410649,0.102794427,-1,199.9819,0.056690438,0.016029348,1,197.311975,-0.971216698,0.095520021,1,15.766105,-0.002304832,0.00062448,1,16.6169375,0.027282032,0.002671581,1,4,4,4-Apr,100,100,3.501,0.066,3,606.756,349.973,21.1086,22.2652,30.0001,22.2669,22.2471,11.585,-30,-30,-999.9,200,0,103.776,105.449
62,CC1_NO3_1167,1561913221,9041,20190630 12:47:01,12:47:01,,1561913213,0.000603168,0.098402202,99.74633531,94.4014573,9.022930718,9.533796391,0.047440158,2.325217967,0.046908937,0.029365318,316.9669751,23.63399232,22.83617097,2.791882605,61.80335056,1.591062465,2.574395159,1.20082014,-26.59969592,-166.916686,-14.75597602,108.6946172,0.018743785,-0.420342188,4.59005109,4,1,1,0,51362,1999.994194,1685.995025,0.84299996,0.187999947,9,0.5,0: Broadleaf,1561913213,99.74633548,99.98417742,16.64632258,15.75665806,600.0177097,95.38042258,0.199995097,21.50464194,22.83617097,999.9,10001.61452,703.0724516,7.363020323,1999.994194,0.900000581,0.099999394,22,41744.46774,1561912806,12:40:05,7,3.501,0.066,400,16,0.24,0.06,0.031691041,0.859861998,0.101880663,-1,99.9811375,0.048660841,0.014453956,1,99.7952025,-0.891561357,0.092433104,1,15.757455,-0.016336474,0.001667026,1,16.644905,0.029330746,0.002874452,1,4,4,4-Apr,100,100,3.501,0.066,3,606.61,349.635,21.1393,22.2814,30.0002,22.2781,22.2578,7.32949,-30,-30,-999.9,100,0,103.774,105.446
63,CC1_NO3_1167,1561913285,9104.5,20190630 12:48:04,12:48:04,,1561913277,0.000617765,-0.751993226,51.06361745,74.71849206,7.141375204,4.880511389,0.048716827,2.324967581,0.048156753,0.030147754,316.967256,23.64094786,22.83422258,2.791552972,61.85831446,1.593597332,2.576205553,1.19795564,-27.24342503,-165.2150637,-14.60782636,109.900941,0.018740633,-0.420271499,4.589419828,4,1,1,0,51286,1999.995161,1685.995903,0.842999991,0.188000016,9,0.5,0: Broadleaf,1561913277,51.06361613,49.98297097,16.67342581,15.76225161,600.0148387,95.3770871,0.19999171,21.51612581,22.83422258,999.9,10000.28226,702.6068387,6.174502258,1999.995161,0.899999742,0.100000239,22,41744.47097,1561912806,12:40:05,7,3.501,0.066,400,16,0.24,0.06,-0.81521473,0.688461676,0.095817577,-1,49.984645,-0.341904271,0.061503975,1,51.112645,-0.949224731,0.0963094,1,15.760725,0.035708755,0.003496766,1,16.671155,0.054091436,0.005256993,1,4,4,4-Apr,100,100,3.501,0.066,3,606.601,349.53,21.1582,22.2953,30.0002,22.2898,22.2692,5.19749,-30,-30,-999.9,50,0,103.771,105.443
64,CC1_NO3_1167,1561913358,9177.6,20190630 12:49:17,12:49:17,,1561913350,0.000632345,5.70654417,391.0717642,202.5423351,19.35901376,37.37867277,0.050539328,2.326257288,0.049937174,0.031264237,316.9676567,23.59819311,22.7768,2.781853352,62.21972285,1.599278677,2.570372551,1.182574675,-27.88643402,-162.7486875,-14.37487505,111.9576602,0.018756871,-0.420635667,4.592671698,4,1,1,0,51445,1999.997742,1685.997831,0.842999867,0.188000038,9,0.5,0: Broadleaf,1561913350,391.0717742,400.0023548,16.73234194,15.7997129,600.0117097,95.38012258,0.199963194,21.4791,22.7768,999.9,10008.62903,702.4162581,7.257363871,1999.997742,0.899998903,0.100000906,22,41744.5,1561912806,12:40:05,7,3.501,0.066,400,16,0.24,0.06,5.805865559,-1.278640735,0.15118542,-1,400.023975,-0.552664165,0.05689749,1,391.015475,0.845549719,0.109266415,1,15.798205,0.030328705,0.002991902,1,16.7294425,0.059933583,0.005790677,1,4,4,4-Apr,100,100,3.501,0.066,3,606.711,350.115,21.1539,22.3028,30.0001,22.2987,22.2772,19.6395,-30,-30,-999.9,400,0,103.77,105.443
65,CC1_NO3_1167,1561913418,9238.1,20190630 12:50:18,12:50:18,,1561913410,0.000657049,5.865339324,390.7856672,206.1125592,19.70179988,37.35425458,0.053086068,2.324404697,0.052421607,0.03282251,316.9684791,23.53654955,22.72777419,2.773595434,62.57353931,1.602934577,2.561681174,1.170660858,-28.97586056,-163.4061256,-14.43678954,110.1497033,0.018733547,-0.420112605,4.588000811,4,1,1,0,51439,2000.003548,1686.003021,0.843000015,0.187999947,9,0.5,0: Broadleaf,1561913410,390.7856774,399.9685806,16.76927742,15.80025806,600.0165806,95.38759677,0.199979032,21.42379355,22.72777419,999.9,9995.4,702.7591935,4.330199355,2000.003548,0.900000806,0.099999239,22,41744.65484,1561912806,12:40:05,7,3.501,0.066,400,16,0.24,0.06,5.862718476,0.069540798,0.017475323,-1,399.982125,-0.194060038,0.031264347,1,390.80205,-0.411804878,0.041295248,1,15.80134,-0.030628143,0.002968063,1,16.768905,0.008958349,0.000953402,1,4,4,4-Apr,100,100,3.501,0.066,3,606.798,350.162,21.1349,22.2971,30,22.2966,22.2735,19.6371,-30,-30,-999.9,400,0,103.77,105.445
66,CC1_NO3_1167,1561913486,9306.1,20190630 12:51:26,12:51:26,,1561913478,0.000687961,9.854697334,584.6223053,291.4637933,27.86240728,55.88682077,0.056064952,2.324967076,0.055324564,0.034643559,316.9686261,23.49820455,22.68354839,2.766164438,62.74651875,1.604618252,2.557302434,1.161546187,-30.33910033,-161.4025599,-14.251097,110.9758689,0.018740626,-0.420271356,4.589418553,4,1,1,0,51428,2000.003548,1686.002925,0.842999967,0.188000045,9,0.5,0: Broadleaf,1561913478,584.6223226,600.0072581,16.78563226,15.77103871,600.015871,95.39474839,0.199997581,21.39586774,22.68354839,999.9,9998.427419,702.5061613,3.920606774,2000.003548,0.899999226,0.10000071,22,41744.64194,1561912806,12:40:05,7,3.501,0.066,400,16,0.24,0.06,9.940699957,-1.052508912,0.13955268,-1,600.01425,-0.010401501,0.025985332,1,584.57415,0.855377111,0.092817442,1,15.77178,-0.01558424,0.00156496,1,16.78477,0.013281051,0.001559199,1,4,4,4-Apr,100,100,3.501,0.066,3,606.908,350.766,21.115,22.2821,29.9999,22.284,22.2608,27.111,-30,-30,-999.9,600,0,103.773,105.45
67,CC1_NO3_1167,1561913557,9377.1,20190630 12:52:37,12:52:37,,1561913549,0.000714983,12.74919089,780.0604617,417.892649,39.94648963,74.56622465,0.058916686,2.325931019,0.058099988,0.036384926,316.9680694,23.44838643,22.63644194,2.75826859,63.0656339,1.608796706,2.550987925,1.149471884,-31.53077004,-160.6216422,-14.16996539,110.6456918,0.018752763,-0.420543526,4.591848969,4,1,1,0,51635,2000.000968,1686.000818,0.843000001,0.18799995,9,0.5,0: Broadleaf,1561913549,780.0604839,800.0203871,16.83012258,15.77572258,600.0143871,95.39036452,0.19994971,21.35552258,22.63644194,999.9,10005.36226,701.9085806,3.775534194,2000.000968,0.90000071,0.099999316,22,41744.6129,1561912806,12:40:05,7,3.501,0.066,400,16,0.24,0.06,12.82172019,-0.971027,0.123208423,-1,800.01945,-0.018258912,0.017416874,1,780.017225,0.803538462,0.088821024,1,15.77474,0.023322326,0.002273851,1,16.8281475,0.047093809,0.004636539,1,4,4,4-Apr,100,100,3.501,0.066,3,607.04,350.99,21.0873,22.2556,30,22.2639,22.2403,34.1636,-30,-30,-999.9,800,0,103.777,105.456
68,CC1_NO3_1167,1561913630,9450.1,20190630 12:53:50,12:53:50,,1561913622,0.000740365,13.76294073,978.2752985,603.8764279,57.72150643,93.50840887,0.0620971,2.325822576,0.061190539,0.038324435,316.9682209,23.37204505,22.55262258,2.744267784,63.53997655,1.614120465,2.540322726,1.130147319,-32.65007817,-158.6734438,-13.98791916,111.6567798,0.018751397,-0.420512903,4.591575526,3,0,1,0,51403,2000.002258,1686.001935,0.843000016,0.187999915,9,0.5,0: Broadleaf,1561913622,978.2753226,1000.005581,16.88676129,15.79499677,600.0158387,95.38498065,0.199983032,21.28718065,22.55262258,999.9,10005.19839,701.1821613,7.462804194,2000.002258,0.900001258,0.099998803,22,41744.62903,1561912806,12:40:05,7,3.501,0.066,400,16,0.24,0.06,13.84206057,-1.038186537,0.119909366,-1,1000.020575,-0.311876173,0.051230307,1,978.2249,0.903984991,0.100308723,1,15.79383,0.025294559,0.002455728,1,16.8838925,0.06242364,0.006029693,1,4,4,4-Apr,100,100,3.501,0.066,3,607.358,351.167,21.034,22.2134,29.9997,22.2295,22.2054,40.9013,-30,-30,-999.9,1000,0,103.786,105.467
69,CC1_NO3_1167,1561913694,9514.1,20190630 12:54:54,12:54:54,,1561913686,0.000765152,14.05141949,1177.57933,806.8385277,77.12136891,112.5584945,0.064764163,2.324488862,0.063778167,0.039948692,316.9686454,23.330249,22.5146,2.737937194,63.80271398,1.61732569,2.534885414,1.120611503,-33.74319818,-158.1959904,-13.94865293,111.0808038,0.018734607,-0.420136361,4.58821298,4,1,1,0,51501,2000.003871,1686.003327,0.843000032,0.188000012,9,0.5,0: Broadleaf,1561913686,1177.579355,1200.007419,16.92035161,15.79207419,600.0161935,95.38465161,0.199986774,21.25224194,22.5146,999.9,9996.273871,701.3974839,4.079336129,2000.003871,0.899999968,0.100000068,22,41744.66452,1561912806,12:40:05,7,3.501,0.066,400,16,0.24,0.06,14.15729904,-1.283373009,0.202611772,-1,1200.011,0.013508443,0.026153394,1,1177.53125,0.571969981,0.116880013,1,15.793725,-0.034698687,0.003360859,1,16.9204825,-0.00360788,0.000544466,1,4,4,4-Apr,100,100,3.501,0.066,3,607.287,351.797,20.9986,22.1709,29.9998,22.1929,22.1696,47.3792,-30,-30,-999.9,1200,0,103.794,105.477
70,CC1_NO3_1167,1561913758,9578.2,20190630 12:55:58,12:55:58,,1561913750,0.000785285,13.94794057,1477.377395,1113.684001,106.4475403,141.209885,0.066734778,2.325486473,0.065688829,0.041148127,316.9694851,23.28700418,22.47699677,2.731688996,63.85293137,1.615030025,2.529296605,1.116658971,-34.63108845,-158.0604585,-13.92551012,110.352428,0.018747165,-0.420417998,4.59072807,3,0,1,0,51471,2000.009355,1686.007892,0.843000003,0.188000001,9,0.5,0: Broadleaf,1561913750,1477.377419,1500.03871,16.89689677,15.73891613,600.0229032,95.38147419,0.199983548,21.21626129,22.47699677,999.9,10003.30806,701.5544516,9.616384839,2000.009355,0.9,0.100000003,21.99327742,41744.77419,1561912806,12:40:05,7,3.501,0.066,400,16,0.24,0.06,14.08435261,-1.84023761,0.289936303,-1,1500.02,0.029043152,0.078612976,1,1477.30725,0.749380863,0.189169071,1,15.740975,-0.044580113,0.004311366,1,16.898465,-0.035608255,0.003446705,1,4,4,4-Apr,100,100,3.501,0.066,3,607.427,352.285,20.97,22.1256,29.9999,22.1519,22.1288,56.6456,-30,-30,-999.9,1500,0,103.801,105.489
71,CC1_NO3_1167,1561913826,9646.1,20190630 12:57:06,12:57:06,,1561913818,0.000792632,14.46858648,1976.034168,1595.138497,152.450696,188.8536857,0.067645087,2.324139088,0.066570045,0.041701443,316.9691642,23.23388419,22.42076452,2.722368658,63.86559185,1.610210651,2.521249086,1.112158007,-34.95506852,-157.4300928,-13.87037854,110.7136244,0.018730204,-0.420037637,4.587331269,3,1,1,0,51476,2000.007097,1686.005976,0.842999997,0.188000024,9,0.5,0: Broadleaf,1561913818,1976.034194,2000.085806,16.84812903,15.67924516,600.0166774,95.37207097,0.200004,21.16432903,22.42076452,999.9,9995.243226,702.1609677,6.954050645,2000.007097,0.899999645,0.100000339,21,41744.73226,1561912806,12:40:05,7,3.501,0.066,400,16,0.24,0.06,14.58210277,-1.321190432,0.256815092,-1,2000.076,0.297101678,0.057610763,1,1975.98525,0.420308594,0.147037198,1,15.681945,-0.060805819,0.005864041,1,16.8510775,-0.064243287,0.006189365,1,4,4,4-Apr,100,100,3.501,0.066,3,607.447,353.164,20.9346,22.0779,29.9997,22.1073,22.085,70.9947,-30,-30,-999.9,2000,0,103.811,105.501
72,CC1_NO3_1109,1561914230,10049.7,20190630 13:03:49,13:03:49,,1561914222,0.000477718,5.037705982,392.1590234,180.8996816,17.29004875,37.48181629,0.039507021,2.324671731,0.03913778,0.024494,316.9674676,23.50498399,22.35469355,2.711453148,61.6624996,1.570956881,2.547669801,1.140496268,-21.06736511,-127.885196,-11.27068202,156.7442245,0.018736908,-0.420187981,4.588673978,0,0,1,0,51433,1999.998065,1685.998207,0.842999919,0.187999884,9,0.5,0: Broadleaf,1561914222,392.1590323,399.9962903,16.43636774,15.73159677,600.0239677,95.37811613,0.199988806,21.3342871,22.35469355,999.9,9998.187097,701.2769032,6.947553871,1999.998065,0.90000129,0.099998661,22,41744.54516,1561914124,13:02:03,8,3.452,0.064,400,16,0.27,0.11,5.032353421,0.075627846,0.018796905,-1,399.986325,0.119043152,0.024743067,1,392.157825,-0.019058161,0.014266898,1,15.730785,0.019882176,0.002013151,1,16.437,-0.020395497,0.002077739,1,4,4,4-Apr,100,100,3.452,0.064,3,623.848,349.897,20.9549,21.9953,30.0002,22.0027,21.9845,19.6195,-30,-30,-999.9,400,0,103.81,105.509
73,CC1_NO3_1109,1561914298,10117.8,20190630 13:04:58,13:04:58,,1561914290,0.000465523,3.332787464,294.7718974,150.3876061,14.37252585,28.1713156,0.038379617,2.323895513,0.038030933,0.023800397,316.9671786,23.53688476,22.38065161,2.715737074,61.60576967,1.572143681,2.551942277,1.143593393,-20.52956387,-127.6695193,-11.25848442,157.5096109,0.018727139,-0.419968893,4.586717297,0,0,1,0,51458,1999.994194,1685.995137,0.843000016,0.188000055,9,0.5,0: Broadleaf,1561914290,294.7719032,299.9767419,16.4502,15.76342581,600.0204194,95.36990968,0.199972839,21.36162581,22.38065161,999.9,9993.833871,701.7270323,6.802615806,1999.994194,0.89999929,0.100000703,22,41744.45161,1561914124,13:02:03,8,3.452,0.064,400,16,0.27,0.11,3.274893253,0.700750924,0.084204945,-1,299.981525,-0.209376683,0.028763682,1,294.820375,-0.976162056,0.095455929,1,15.76231,0.025890467,0.002536809,1,16.44919,0.021464218,0.002120825,1,4,4,4-Apr,100,100,3.452,0.064,3,623.857,349.395,20.9698,22.0143,30.0003,22.0157,21.9975,15.6776,-30,-30,-999.9,300,0,103.806,105.501
74,CC1_NO3_1109,1561914367,10186.8,20190630 13:06:07,13:06:07,,1561914359,0.000470783,1.761282611,197.1996743,120.7767703,11.54318656,18.84727191,0.038746042,2.325018786,0.038390871,0.024025934,316.9673546,23.55409246,22.41097742,2.72074932,61.64509748,1.575067807,2.555057696,1.145681513,-20.76154561,-129.0368538,-11.37647216,155.7924831,0.018741277,-0.420285955,4.589548922,0,0,1,0,51567,1999.996129,1685.996673,0.842999968,0.187999988,9,0.5,0: Broadleaf,1561914359,197.1996774,199.9807742,16.47999032,15.78547419,600.0182581,95.37458387,0.199975129,21.38153548,22.41097742,999.9,10000.88871,701.6615484,5.269634194,1999.996129,0.900000032,0.099999932,22,41744.5,1561914124,13:02:03,8,3.452,0.064,400,16,0.27,0.11,1.70001294,0.800634044,0.089208712,-1,199.978275,0.153963456,0.039448693,1,197.249325,-0.933566056,0.095088482,1,15.7843375,0.022921424,0.002286448,1,16.47867,0.027071284,0.002655861,1,4,4,4-Apr,100,100,3.452,0.064,3,623.782,349.351,20.9886,22.0403,30.0003,22.0343,22.0159,11.5714,-30,-30,-999.9,200,0,103.802,105.497
75,CC1_NO3_1109,1561914434,10254.2,20190630 13:07:14,13:07:14,,1561914426,0.000474238,0.158917623,99.69993521,91.30029057,8.726705402,9.529564011,0.039210004,2.3260718,0.038846483,0.024311432,316.9679708,23.543562,22.39850323,2.718686608,61.7938444,1.578043423,2.553722686,1.140643185,-20.91388763,-128.6005595,-11.33166281,156.1218609,0.018754536,-0.420583282,4.592203959,0,0,1,0,51366,2000.000968,1686.000699,0.842999942,0.187999905,9,0.5,0: Broadleaf,1561914426,99.69993548,100.0092258,16.50976129,15.81016774,600.0161613,95.3824871,0.19996229,21.37300645,22.39850323,999.9,10007.13452,701.8672903,6.384749032,2000.000968,0.900001097,0.099998874,22,41744.6,1561914124,13:02:03,8,3.452,0.064,400,16,0.27,0.11,0.074079822,1.091109404,0.127909934,-1,99.988115,0.573741987,0.080195522,1,99.7561125,-0.864789383,0.105819864,1,15.808845,0.0317235,0.00311504,1,16.5087575,0.021691464,0.002166551,1,4,4,4-Apr,100,100,3.452,0.064,3,623.8,349.334,21.0003,22.06,30.0002,22.0509,22.0313,7.31879,-30,-30,-999.9,100,0,103.8,105.495
76,CC1_NO3_1109,1561914497,10317.2,20190630 13:08:17,13:08:17,,1561914489,0.00047932,-0.695094788,50.99195605,78.00726248,7.455776145,4.873707876,0.039655427,2.324764516,0.039283435,0.024585278,316.9676027,23.5683373,22.42037742,2.722304594,61.86686624,1.582363664,2.557691637,1.13994093,-21.13802041,-128.0932585,-11.29602142,156.4403024,0.018738076,-0.420214173,4.588907888,0,0,1,0,51492,1999.997419,1685.997921,0.843000048,0.187999996,9,0.5,0: Broadleaf,1561914489,50.99195484,49.98600645,16.55573548,15.84868065,600.0188387,95.37798387,0.199990645,21.39835161,22.42037742,999.9,9998.824194,701.6495161,5.764775484,1999.997419,0.900000258,0.099999806,22,41744.54194,1561914124,13:02:03,8,3.452,0.064,400,16,0.27,0.11,-0.75698275,0.866636415,0.103744983,-1,49.99652,-0.074600562,0.039141897,1,51.0421275,-0.981265213,0.098635371,1,15.846505,0.045576069,0.004405448,1,16.55362,0.04487779,0.004328002,1,4,4,4-Apr,100,100,3.452,0.064,3,623.879,349.051,21.0073,22.0781,30.0003,22.0664,22.0465,5.18925,-30,-30,-999.9,50,0,103.797,105.492
77,CC1_NO3_1109,1561914571,10390.8,20190630 13:09:31,13:09:31,,1561914563,0.000483842,5.831823955,391.0013124,151.9389031,14.52223018,37.37167337,0.040238813,2.324620181,0.039855829,0.024943999,316.9677748,23.59159452,22.42893226,2.723720708,62.05556776,1.589587584,2.561555137,1.134133124,-21.33741557,-126.0695958,-11.12012934,158.4406341,0.01873626,-0.420173429,4.588544022,0,0,1,0,51415,1999.998065,1685.99836,0.842999996,0.188000049,9,0.5,0: Broadleaf,1561914563,391.0013226,400.0326452,16.63106774,15.91739032,600.0124516,95.37942903,0.199977452,21.42299032,22.42893226,999.9,9997.703226,701.5495484,6.693311935,1999.998065,0.89999929,0.100000681,22,41744.53548,1561914124,13:02:03,8,3.452,0.064,400,16,0.27,0.11,5.899517141,-0.928152836,0.116985276,-1,400.02585,0.117500938,0.017822107,1,390.955775,0.938150094,0.095835142,1,15.91552,0.045190244,0.004462298,1,16.6285225,0.05684015,0.005476381,1,4,4,4-Apr,100,100,3.452,0.064,3,623.698,349.529,21.0218,22.0988,30.0002,22.0857,22.0657,19.6279,-30,-30,-999.9,400,0,103.793,105.488
78,CC1_NO3_1109,1561914632,10451.3,20190630 13:10:31,13:10:31,,1561914624,0.000490448,5.889296595,390.8658284,154.1207209,14.72961008,37.35578974,0.041046657,2.324595145,0.040648218,0.025440612,316.9673102,23.57673031,22.41918065,2.722106539,62.3160176,1.595011149,2.55955244,1.12709539,-21.62877259,-126.4462301,-11.15219376,157.7401138,0.018735944,-0.420166362,4.588480908,0,0,1,0,51391,1999.995806,1685.99639,0.842999963,0.187999993,9,0.5,0: Broadleaf,1561914624,390.8658387,399.9870323,16.68912258,15.96575161,600.0197742,95.37185806,0.200041613,21.41022258,22.41918065,999.9,9998.32871,701.4763226,8.381420323,1999.995806,0.899999935,0.100000019,22,41744.49355,1561914124,13:02:03,8,3.452,0.064,400,16,0.27,0.11,5.881959733,0.043927115,0.024509714,-1,399.991525,-0.076086304,0.030220843,1,390.880925,-0.205812383,0.031972948,1,15.9638625,0.056198499,0.005459381,1,16.68647,0.072063039,0.006940648,1,4,4,4-Apr,100,100,3.452,0.064,3,623.814,349.507,21.0198,22.1119,30.0002,22.098,22.0768,19.6233,-30,-30,-999.9,400,0,103.791,105.484
79,CC1_NO3_1109,1561914702,10521.3,20190630 13:11:41,13:11:41,,1561914694,0.000507104,9.95430561,584.6501761,201.8897549,19.29505031,55.87631015,0.042815881,2.324475615,0.042382528,0.02652765,316.9671306,23.58560495,22.41685806,2.721722209,62.61615403,1.604086768,2.561777856,1.117635441,-22.36327813,-124.3707829,-10.97037029,159.2626993,0.01873444,-0.420132622,4.588179585,0,0,1,0,51446,1999.993548,1685.994716,0.843000077,0.188000074,9,0.5,0: Broadleaf,1561914694,584.6501935,600.0259355,16.78402903,16.03616129,600.0169355,95.37219677,0.200014484,21.42440968,22.41685806,999.9,9997.490323,701.3822903,8.172775484,1999.993548,0.89999929,0.100000774,22,41744.44194,1561914124,13:02:03,8,3.452,0.064,400,16,0.27,0.11,10.02309166,-0.863373333,0.108220742,-1,600.033125,-0.017459662,0.034708924,1,584.6074,0.854926829,0.093746413,1,16.033245,0.062803002,0.006072395,1,16.7807275,0.070161726,0.006776208,1,4,4,4-Apr,100,100,3.452,0.064,3,623.801,349.811,21.0246,22.1261,30.0001,22.1138,22.0934,27.0922,-30,-30,-999.9,600,0,103.788,105.481
80,CC1_NO3_1109,1561914772,10591.3,20190630 13:12:51,13:12:51,,1561914764,0.000512395,13.62489763,778.9765568,265.387112,25.36553236,74.45408676,0.043666027,2.324666235,0.043215429,0.02704974,316.9666084,23.56695965,22.39840323,2.718670077,62.95377094,1.611077189,2.559143265,1.107592888,-22.59661095,-124.1731811,-10.95007869,159.2467376,0.018736839,-0.42018643,4.588660124,0,0,1,0,51343,1999.991613,1685.992858,0.842999964,0.187999971,9,0.5,0: Broadleaf,1561914764,778.9765806,800.0120645,16.85590968,16.10029355,600.0164839,95.37935806,0.200009645,21.4076129,22.39840323,999.9,9998.02,701.6128065,8.560656774,1999.991613,0.900000258,0.09999971,22,41744.40968,1561914124,13:02:03,8,3.452,0.064,400,16,0.27,0.11,13.69654802,-0.867947074,0.110445695,-1,800.01615,0.047954972,0.034776105,1,778.928575,0.894292683,0.093451294,1,16.0976975,0.054449156,0.005281263,1,16.8531175,0.060926454,0.00586455,1,4,4,4-Apr,100,100,3.452,0.064,3,623.991,350.405,21.0238,22.1399,30.0001,22.1289,22.1082,34.1458,-30,-30,-999.9,800,0,103.787,105.477
81,CC1_NO3_1109,1561914844,10663.3,20190630 13:14:03,13:14:03,,1561914836,0.000515402,16.75265663,974.1102932,349.388378,33.39401519,93.10399538,0.044174803,2.325058263,0.04371378,0.027362133,316.9682015,23.5572304,22.38704194,2.716792593,63.1563151,1.615424243,2.557819024,1.101368351,-22.72924856,-123.8289933,-10.91678545,159.4931742,0.018741774,-0.420297099,4.589648448,0,0,1,0,51231,2000.001935,1686.001427,0.842999898,0.18799996,9,0.5,0: Broadleaf,1561914836,974.1103226,999.9919032,16.90154516,16.14152258,600.0114194,95.37850968,0.199984903,21.39916452,22.38704194,999.9,10000.74226,701.7077097,14.71002516,2000.001935,0.900000129,0.099999758,22,41744.60968,1561914124,13:02:03,8,3.452,0.064,400,16,0.27,0.11,16.81058776,-0.795872781,0.097376545,-1,999.99055,0.148210131,0.028206338,1,974.072425,0.951140713,0.097410699,1,16.140125,0.036200375,0.0036117,1,16.9004325,0.029053283,0.002927489,1,4,4,4-Apr,100,100,3.452,0.064,3,624.063,350.54,21.0309,22.1548,30,22.1438,22.123,40.8832,-30,-30,-999.9,1000,0,103.784,105.473
82,CC1_NO3_1109,1561914918,10737.3,20190630 13:15:17,13:15:17,,1561914910,0.000517489,18.87151156,1170.778032,472.2998603,45.14166012,111.901079,0.044605845,2.324981541,0.044135817,0.027626703,316.9683098,23.55062597,22.37636129,2.715028623,63.35039493,1.619792253,2.556877909,1.09523637,-22.82126377,-123.2390232,-10.86420961,160.0438133,0.018740808,-0.42027544,4.58945502,0,0,1,0,51443,2000.002258,1686.001847,0.842999972,0.187999978,9,0.5,0: Broadleaf,1561914910,1170.778065,1199.993226,16.94726452,16.18420968,600.0185484,95.37839677,0.199992968,21.39315806,22.37636129,999.9,10000.23871,702.1979032,7.277649677,2000.002258,0.900000194,0.099999781,22,41744.63226,1561914124,13:02:03,8,3.452,0.064,400,16,0.27,0.11,18.94319976,-0.945626145,0.107872475,-1,1200.0095,-0.265666041,0.046794765,1,1170.74,0.938836773,0.093568157,1,16.184365,-0.002350469,0.000510661,1,16.9466625,0.013300188,0.001390447,1,4,4,4-Apr,100,100,3.452,0.064,3,623.972,351.086,21.0229,22.1641,30.0002,22.1549,22.1341,47.3639,-30,-30,-999.9,1200,0,103.784,105.472
83,CC1_NO3_1109,1561914986,10805.3,20190630 13:16:25,13:16:25,,1561914978,0.000521711,19.17745563,1470.077386,755.8802683,72.24684288,140.5096209,0.044667937,2.32472688,0.044196556,0.027664785,316.9673577,23.5809628,22.4199129,2.722227719,63.22047363,1.619597536,2.561824427,1.102630183,-23.00747474,-124.7298969,-11.00104521,158.2289409,0.018737603,-0.420203549,4.588813008,0,0,1,0,51432,1999.996452,1685.996792,0.842999892,0.187999977,9,0.5,0: Broadleaf,1561914978,1470.077419,1499.992903,16.9449871,16.17570968,600.0227419,95.37974194,0.200002516,21.42470645,22.4199129,999.9,9998.387097,702.1842258,6.353875484,1999.996452,0.899999871,0.1,22,41744.5,1561914124,13:02:03,8,3.452,0.064,400,16,0.27,0.11,19.32457907,-1.801051234,0.294880633,-1,1500.011,-0.375984991,0.053141321,1,1470.01325,0.41054409,0.22437009,1,16.1756375,0.005796248,0.000830568,1,16.9452425,-0.002918949,0.000528151,1,4,4,4-Apr,100,100,3.452,0.064,3,624.051,351.632,21.0402,22.1737,30.0002,22.1642,22.1434,56.6247,-30,-30,-999.9,1500,0,103.785,105.472
84,CC1_NO3_1109,1561915052,10871.3,20190630 13:17:31,13:17:31,,1561915044,0.000513042,16.88954924,1973.181906,1325.119166,126.659972,188.6042941,0.044183135,2.324171838,0.043721765,0.027367154,316.9694274,23.538425,22.37265484,2.714416715,63.34512096,1.61823248,2.554628447,1.096184235,-22.62515377,-124.5315672,-10.98097042,158.831736,0.018730616,-0.42004688,4.587413822,0,0,1,0,51500,2000.009032,1686.007544,0.842999965,0.188000005,9,0.5,0: Broadleaf,1561915044,1973.181935,2000.033871,16.92998065,16.17347097,600.0195806,95.38384194,0.199993258,21.37879355,22.37265484,999.9,9994.229677,703.3435484,8.790745806,2000.009032,0.899999774,0.100000177,22,41744.77097,1561914124,13:02:03,8,3.452,0.064,400,16,0.27,0.11,17.12531917,-2.938503792,0.574124258,-1,2000.028,-0.122251407,0.135889661,1,1973.0875,-0.009906191,0.479858052,1,16.1745325,-0.025552345,0.002561776,1,16.931465,-0.034068293,0.003321562,1,4,4,4-Apr,100,100,3.452,0.064,3,624.168,352.667,21.0471,22.1828,30.0001,22.1736,22.1514,70.9753,-30,-30,-999.9,2000,0,103.785,105.474
85,CC1_NO3_1123,1561916788,12607.9,20190630 13:46:28,13:46:28,,1561916780,0.000672903,4.889255591,392.2686366,255.3149982,24.41680153,37.51422954,0.060402007,2.325663555,0.059543837,0.037290986,316.9690323,23.17080489,21.98703226,2.651409002,63.64055116,1.594643728,2.505703831,1.056765273,-29.67503476,-115.7810202,-10.16648098,161.3464963,0.018749395,-0.420468,4.591174561,7,1,1,0,51508,2000.006774,1686.00574,0.843000015,0.187999972,9,0.5,0: Broadleaf,1561916780,392.2686452,399.9982258,16.67443871,15.68194516,600.0187097,95.43402581,0.200001581,21.0636,21.98703226,999.9,9998.98871,701.2536129,4.227078387,2000.006774,0.900000452,0.099999581,21,41744.71613,1561914124,13:02:03,8,3.452,0.064,400,16,0.27,0.11,4.841288584,0.599004855,0.066708343,-1,399.995575,-0.013728427,0.028193871,1,392.313575,-0.996999418,0.096684251,1,15.684055,-0.04861471,0.004731012,1,16.6699075,0.098428094,0.009467481,1,4,4,4-Apr,100,100,3.452,0.064,3,603.223,349.752,20.7275,21.924,30,21.9307,21.9092,19.6141,-30,-30,-999.9,400,0,103.798,105.515
86,CC1_NO3_1123,1561916863,12682.5,20190630 13:47:42,13:47:42,,1561916855,0.000783374,3.814026166,293.9299933,203.3829996,19.45164673,28.11160425,0.071877262,2.326340926,0.070665919,0.044273333,316.9686154,23.06829793,21.9218871,2.640892172,64.28295543,1.604189723,2.495513332,1.036702449,-34.54679962,-115.9632209,-10.17270024,156.2858946,0.018757925,-0.420659288,4.592882608,6,1,1,0,51554,2000.003548,1686.002866,0.842999937,0.188000045,9,0.5,0: Broadleaf,1561916855,293.93,299.9963226,16.77312581,15.61779355,600.010129,95.44050968,0.199965548,20.99727097,21.9218871,999.9,10002.85806,701.4774194,5.894633226,2000.003548,0.899999097,0.1000008,21,41744.64839,1561914124,13:02:03,8,3.452,0.064,400,16,0.27,0.11,3.759358307,0.749169459,0.082734824,-1,299.993325,0.077076923,0.013351756,1,293.97355,-0.937058161,0.091462,1,15.6198275,-0.048163227,0.004690628,1,16.770065,0.066038274,0.00636842,1,4,4,4-Apr,100,100,3.452,0.064,3,603.887,349.677,20.7096,21.9057,30,21.9176,21.8945,15.6749,-30,-30,-999.9,300,0,103.799,105.517
87,CC1_NO3_1123,1561916933,12752.5,20190630 13:48:52,13:48:52,,1561916925,0.000856631,2.236995941,196.3750284,148.2668617,14.18023037,18.78129144,0.080614559,2.325274284,0.079093493,0.049567704,316.9695357,22.95691071,21.82077742,2.624641658,64.93888502,1.611744246,2.481940127,1.012897412,-37.77742062,-114.3563935,-10.0266429,154.8090787,0.018744494,-0.420358088,4.590193078,6,1,1,0,51558,2000.01,1686.008327,0.842999949,0.187999982,9,0.5,0: Broadleaf,1561916925,196.3750323,199.9827419,16.8522129,15.58896129,600.0192258,95.4399,0.200017129,20.90855484,21.82077742,999.9,9995.759677,701.9733548,6.647221613,2000.01,0.900000032,0.09999991,20.52553226,41744.8,1561914124,13:02:03,8,3.452,0.064,400,16,0.27,0.11,2.188755034,0.602565054,0.07253787,-1,199.99375,-0.304165103,0.032955083,1,196.420525,-0.969196998,0.093692579,1,15.5908875,-0.043964353,0.004264164,1,16.85018,0.043445403,0.004211128,1,4,4,4-Apr,100,100,3.452,0.064,3,604.584,349.589,20.659,21.8785,29.9999,21.8964,21.8743,11.5716,-30,-30,-999.9,200,0,103.8,105.521
88,CC1_NO3_1123,1561917001,12820.5,20190630 13:50:00,13:50:00,,1561916993,0.000927209,0.411561881,99.24249928,90.03123279,8.610884617,9.491880583,0.088294047,2.326216011,0.086473627,0.054206448,316.9673618,22.89467884,21.78437419,2.61881234,65.26489701,1.615985571,2.476040943,1.002826769,-40.88992012,-114.6895344,-10.04793564,151.3399716,0.018756352,-0.420624009,4.592567609,5,1,1,0,51433,1999.996452,1685.996863,0.842999927,0.187999971,9,0.5,0: Broadleaf,1561916993,99.2425,99.99784839,16.89596129,15.5286871,600.0176774,95.44329677,0.200007774,20.86986452,21.78437419,999.9,10001.7271,701.5571613,9.53461871,1999.996452,0.900000097,0.099999823,20.08870323,41744.5129,1561914124,13:02:03,8,3.452,0.064,400,16,0.27,0.11,0.336753506,0.997871156,0.115138994,-1,99.9886975,0.236085929,0.024922816,1,99.2898825,-0.899217636,0.092541739,1,15.53009,-0.033140713,0.003258589,1,16.89332,0.057786867,0.00556683,1,4,4,4-Apr,100,100,3.452,0.064,3,605.019,349.466,20.6116,21.843,29.9998,21.866,21.8436,7.32336,-30,-30,-999.9,100,0,103.806,105.529
89,CC1_NO3_1123,1561917064,12883.5,20190630 13:51:03,13:51:03,,1561917056,0.000983371,-0.628813826,50.87143013,60.72974059,5.808311548,4.865443392,0.094956408,2.326267663,0.092854468,0.058219018,316.968344,22.84815255,21.73467419,2.610872085,65.5569497,1.620385867,2.471722487,0.990486218,-43.36665499,-112.0175318,-9.809718567,151.7744386,0.018757002,-0.420638597,4.592697859,5,1,1,0,51529,2000.002258,1686.00181,0.842999953,0.188000002,9,0.5,0: Broadleaf,1561917056,50.87142903,50.00327419,16.94220645,15.4921871,600.019129,95.44197097,0.199991129,20.84149032,21.73467419,999.9,10002.2129,701.6164194,5.769135161,2000.002258,0.899999774,0.100000165,20,41744.62903,1561914124,13:02:03,8,3.452,0.064,400,16,0.27,0.11,-0.70894929,1.037836532,0.117711249,-1,49.9861275,0.369306191,0.036329802,1,50.9194075,-0.887854784,0.093337346,1,15.493565,-0.02715197,0.002674654,1,16.94086,0.029846904,0.002965704,1,4,4,4-Apr,100,100,3.452,0.064,3,605.432,349.44,20.5898,21.8107,29.9998,21.8385,21.8166,5.19003,-30,-30,-999.9,50,0,103.81,105.539
90,CC1_NO3_1123,1561917139,12958.5,20190630 13:52:18,13:52:18,,1561917131,0.00104389,6.747234234,389.2974398,276.1345584,26.41021095,37.23339654,0.102406106,2.326548349,0.09996627,0.062693287,316.9685213,22.79483313,21.68375161,2.602758374,65.92416571,1.626098756,2.466620151,0.976659618,-46.03552891,-109.8558683,-9.615110992,151.462013,0.018760537,-0.420717872,4.593405686,5,1,1,0,51517,2000.002581,1686.002185,0.843000005,0.188000066,9,0.5,0: Broadleaf,1561917131,389.2974516,400.0276129,17.00183548,15.46266129,600.0148387,95.44255161,0.199989871,20.80790968,21.68375161,999.9,10004.0371,700.7963548,8.778690323,2000.002581,0.899999097,0.100000877,20.15323226,41744.62903,1561914124,13:02:03,8,3.452,0.064,400,16,0.27,0.11,6.811728054,-0.819449711,0.104220342,-1,400.0244,0.20897561,0.03066904,1,389.25165,0.926251407,0.093818588,1,15.4635125,-0.014482176,0.001636641,1,17.00102,0.022446529,0.002346721,1,4,4,4-Apr,100,100,3.452,0.064,3,606.003,350.204,20.5626,21.7739,29.9999,21.8054,21.7837,19.62,-30,-30,-999.9,400,0,103.817,105.549
91,CC1_NO3_1123,1561917199,13019,20190630 13:53:19,13:53:19,,1561917191,0.001081101,6.785182838,389.203472,280.7651126,26.85283981,37.22406388,0.107779281,2.32561477,0.105079275,0.065911498,316.9696117,22.72102401,21.60719032,2.590601081,66.26839134,1.628301322,2.457131205,0.962299758,-47.67655529,-108.0629577,-9.455271571,151.7748271,0.018748781,-0.420454224,4.591051553,4,1,1,0,51661,2000.010323,1686.008664,0.842999981,0.18799999,9,0.5,0: Broadleaf,1561917191,389.2034839,400.0120323,17.02502258,15.43103548,600.021,95.44164516,0.200009032,20.74529677,21.60719032,999.9,9997.862903,701.0695806,7.991889032,2000.010323,0.900000065,0.099999916,20,41744.81935,1561914124,13:02:03,8,3.452,0.064,400,16,0.27,0.11,6.778583704,0.095055186,0.019259829,-1,400.00455,0.073688555,0.018634578,1,389.196475,0.024596623,0.019524328,1,15.432955,-0.056944841,0.005521275,1,17.0254825,-0.01261576,0.001295548,1,4,4,4-Apr,100,100,3.452,0.064,3,606.348,350.264,20.519,21.7388,29.9999,21.7753,21.7535,19.6187,-30,-30,-999.9,400,0,103.821,105.555
92,CC1_NO3_1123,1561917277,13097,20190630 13:54:37,13:54:37,,1561917269,0.001098741,8.767051795,585.8973073,446.7864169,42.73276457,56.03798761,0.109768168,2.324191131,0.106967321,0.067100268,316.9686222,22.68298609,21.56456774,2.583854537,66.18988437,1.623021895,2.452069391,0.960832642,-48.45449931,-106.8521139,-9.351421664,152.3105874,0.018730859,-0.420052325,4.587462455,4,1,1,0,51557,2000.003871,1686.003239,0.842999988,0.188000008,9,0.5,0: Broadleaf,1561917269,585.8973226,600.0131613,16.96927742,15.34917419,600.0154516,95.44472581,0.200000516,20.71180968,21.56456774,999.9,9987.983871,700.8862258,8.975770323,2000.003871,0.899999839,0.100000142,20,41744.69355,1561914124,13:02:03,8,3.452,0.064,400,16,0.27,0.11,8.829481699,-0.807240759,0.093520126,-1,600.019925,-0.100728244,0.02567332,1,585.85035,0.952765793,0.09515423,1,15.3522125,-0.066342621,0.006391877,1,16.97348,-0.092202274,0.008894161,1,4,4,4-Apr,100,100,3.452,0.064,3,606.49,350.629,20.4624,21.6856,29.9997,21.7273,21.7061,27.0856,-30,-30,-999.9,600,0,103.83,105.565
93,CC1_NO3_1123,1561917348,13167.5,20190630 13:55:47,13:55:47,,1561917340,0.001015689,9.532821004,784.5011446,616.6399502,58.9748871,75.0289799,0.099632651,2.326037829,0.09732108,0.061028894,316.9684527,22.68921531,21.54857097,2.58132645,65.53398129,1.605036588,2.449166916,0.976289861,-44.79189819,-107.3423433,-9.385180901,155.4490303,0.018754108,-0.420573689,4.592118298,4,1,1,0,51480,2000.001935,1686.001682,0.843000025,0.188000081,9,0.5,0: Broadleaf,1561917340,784.5011613,799.9951613,16.78222258,15.2843,600.0172581,95.4391,0.199995516,20.69258065,21.54857097,999.9,10000.97032,700.7885806,7.070027742,2000.001935,0.899998968,0.100001026,20,41744.61935,1561914124,13:02:03,8,3.452,0.064,400,16,0.27,0.11,9.611473201,-0.948489897,0.134331745,-1,799.9959,0.09647767,0.045109201,1,784.446675,0.931984116,0.10118211,1,15.28649,-0.048794487,0.004712101,1,16.7923075,-0.223011513,0.021447475,1,4,4,4-Apr,100,100,3.452,0.064,3,606.273,351.141,20.4452,21.6506,29.9999,21.6914,21.6717,34.1357,-30,-30,-999.9,800,0,103.831,105.57
94,CC1_NO3_1123,1561917421,13241,20190630 13:57:01,13:57:01,,1561917413,0.000834176,10.17448035,983.5175305,758.3658394,72.52822679,94.06117575,0.07871157,2.325693027,0.077261028,0.048416242,316.9675649,22.77098498,21.58129032,2.586499646,64.27391454,1.576388894,2.452610682,1.010110752,-36.78714459,-108.5685295,-9.496485901,162.1154049,0.018749766,-0.420476321,4.591248872,4,1,1,0,51328,1999.996452,1685.997061,0.843000026,0.18800007,9,0.5,0: Broadleaf,1561917413,983.5175484,1000.009387,16.48295484,15.25235484,600.0189677,95.43750645,0.200011774,20.71539355,21.58129032,999.9,9998.821935,700.0015484,7.568017742,1999.996452,0.899999129,0.100000871,20,41744.50968,1561914124,13:02:03,8,3.452,0.064,400,16,0.27,0.11,10.23330323,-0.767397121,0.096322141,-1,1000.012225,-0.073564728,0.034609599,1,983.459975,0.992318949,0.11484609,1,15.2521375,0.004931707,0.000782204,1,16.4946325,-0.251827767,0.024234628,1,4,4,4-Apr,100,100,3.452,0.064,3,606.12,351.587,20.4395,21.6266,30,21.6638,21.6451,40.8752,-30,-30,-999.9,1000,0,103.834,105.574
95,CC1_NO3_1123,1561917498,13317.5,20190630 13:58:17,13:58:17,,1561917490,0.000644685,10.53928361,1183.061594,872.7043332,83.45581196,113.1349556,0.058439603,2.325596692,0.057635868,0.036093709,316.9673904,22.87911168,21.65637742,2.598405856,63.09576323,1.551961236,2.459691676,1.04644462,-28.43061988,-112.1081732,-9.812603582,166.6159937,0.018748553,-0.42044912,4.591005973,5,1,1,0,51482,1999.995806,1685.99652,0.843000027,0.188000027,9,0.5,0: Broadleaf,1561917490,1183.061613,1200.013871,16.2289871,15.27769355,600.0255161,95.42897097,0.199993839,20.7622129,21.65637742,999.9,9999.069355,698.8682903,7.781199355,1999.995806,0.899999742,0.100000281,21,41744.49032,1561914124,13:02:03,8,3.452,0.064,400,16,0.27,0.11,10.59695732,-0.705856622,0.087371728,-1,1200.02825,-0.065628518,0.052196144,1,1183.02175,0.989606004,0.09939536,1,15.2764275,0.02733546,0.002721947,1,16.2357725,-0.148015385,0.014245192,1,4,4,4-Apr,100,100,3.452,0.064,3,605.834,351.893,20.4279,21.6138,30,21.6467,21.63,47.3483,-30,-30,-999.9,1200,0,103.837,105.575
96,CC1_NO3_1123,1561917579,13399.1,20190630 13:59:39,13:59:39,,1561917571,0.000511125,11.00018276,1482.359336,1064.489253,101.8000358,141.7621015,0.045021622,2.326363561,0.044543123,0.027882019,316.9672417,22.97881906,21.72933548,2.610020408,62.24502123,1.536440408,2.468374783,1.07358,-22.54061059,-114.1150271,-9.991597842,170.3200061,0.01875821,-0.420665681,4.592939687,5,1,1,0,51565,1999.995161,1685.995888,0.842999983,0.188000009,9,0.5,0: Broadleaf,1561917571,1482.359355,1499.995484,16.06604839,15.31170645,600.0221613,95.43275806,0.199993097,20.81946452,21.72933548,999.9,10003.82258,698.5378387,7.106596452,1999.995161,0.899999806,0.100000168,21,41744.50323,1561914124,13:02:03,8,3.452,0.064,400,16,0.27,0.11,11.05726355,-0.658891241,0.08185263,-1,1500.0055,-0.195442245,0.047167256,1,1482.30525,0.975152008,0.102566747,1,15.3098175,0.038134,0.003710181,1,16.0697675,-0.080422659,0.007751625,1,4,4,4-Apr,100,100,3.452,0.064,3,605.635,352.435,20.441,21.6175,30.0001,21.6428,21.6246,56.6097,-30,-30,-999.9,1500,0,103.835,105.574
97,CC1_NO3_1123,1561917655,13475.1,20190630 14:00:55,14:00:55,,1561917647,0.000442379,12.10683825,1980.536753,1437.723519,137.4942428,189.405263,0.038210887,2.326433221,0.03786562,0.023696773,316.9666956,23.08435015,21.80791613,2.622580859,61.64888165,1.529563299,2.481088477,1.09301756,-19.5089306,-113.5002318,-9.945683019,174.0118502,0.018759087,-0.420685355,4.593115354,5,1,1,0,51702,1999.991935,1685.993274,0.843000036,0.187999976,9,0.5,0: Broadleaf,1561917647,1980.536774,2000.010645,15.99404516,15.34110968,600.0187742,95.43331935,0.199979387,20.90297419,21.80791613,999.9,10004.23161,698.4949032,8.45784871,1999.991935,0.900000484,0.099999574,21,41744.39355,1561914124,13:02:03,8,3.452,0.064,400,16,0.27,0.11,12.17082939,-1.054247775,0.128387729,-1,2000.00025,-0.426078799,0.101427006,1,1980.48,0.93163227,0.114411538,1,15.34045,0.016142589,0.001633554,1,15.99703,-0.066209381,0.006379976,1,4,4,4-Apr,100,100,3.452,0.064,3,605.616,353.303,20.4849,21.6357,30.0003,21.6519,21.6349,70.9464,-30,-30,-999.9,2000,0,103.836,105.574