obs,id,time,elapsed,date,hhmmss,TIME,E,A,Ca,Ci,Pci,Pca,gsw,gbw,gtw,gtc,Rabs,TleafEB,TleafCnd,SVPleaf,RHcham,VPcham,SVPcham,VPDleaf,LatHFlux,SenHFlux,NetTherm,EBSum,blfa_1,blfa_2,blfa_3,Leak,LeakPct,CorrFact,CorrFactPct,Fan,Qin,Qabs,alpha,convert,S,K,Geometry,TIME,CO2_s,CO2_r,H2O_s,H2O_r,Flow,Pa,ΔPcham,Tair,Tleaf,Tleaf2,Fan_speed,Qamb_in,Qamb_out,Q,f_red,f_blue,Tled,Pc,time,hhmmss,count,co2_adj,h2o_adj,co2_at,h2o_at,co2_cv,h2o_cv,A:MN,A:SLP,A:SD,A:OK,CO2_r:MN,CO2_r:SLP,CO2_r:SD,CO2_r:OK,CO2_s:MN,CO2_s:SLP,CO2_s:SD,CO2_s:OK,H2O_r:MN,H2O_r:SLP,H2O_r:SD,H2O_r:OK,H2O_s:MN,H2O_s:SLP,H2O_s:SD,H2O_s:OK,Stable,Total,State,MatchValveR,MatchValveS,MatchCO2,MatchH2O,DIAG,Flow_s,Flow_r,Txchg,Tirga,Tchopper,Ts,Tr,CO2_%,Desiccant_%,Humidifier_%,Txchg_sp,CO2_r_sp,H2O_r_sp,SS_s,SS_r
1,BH1_C_12,1562851716,0,20190711 09:28:36,9:28:36,1562851708,0.00223328,11.01506873,382.1943674,270.9553246,25.7664611,36.34472332,0.174975245,2.317407921,0.167952984,0.105578054,316.966261,27.29761918,26.31950323,3.438581518,66.73594297,2.211665849,3.314054991,1.226915669,-98.4876341,-77.88516213,-7.181439199,133.4120255,0.018645575,-0.418139776,4.570374295,0,0,1,0,50406,1999.98871,1685.990535,0.843000026,0.188000024,9,0.5,0: Broadleaf,1562851708,382.1943871,399.9966129,23.25746774,19.9855871,600.0235161,94.89488387,0.199985161,25.69610323,26.31950323,999.9,10000.11645,726.3403548,15.96492903,1999.98871,0.899999774,0.100000248,27,41744.35484,0,--:--:--,0,2.702,0.342,0,0,0,0,11.13015805,-1.300538162,0.151717094,-1,399.9976905,0.06585852,0.029690858,1,382.0907619,1.935305081,0.196760286,0,19.98180952,0.071385463,0.007237726,1,23.25615238,0.022590066,0.002344724,1,3,4,4-Mar,100,100,2.702,0.342,3,621.679,345.523,25.2835,25.9494,30.0003,25.8605,25.8273,19.6952,-30,-30,-999.9,400,0,103.417,104.831
2,BH1_C_12,1562851781,64.5,20190711 09:29:40,9:29:40,1562851773,0.002155153,7.22290332,288.2307613,210.4509329,20.0123122,27.40859306,0.165029178,2.317386806,0.158767138,0.099772283,316.9654924,27.42798319,26.43290645,3.461668184,66.25120131,2.209343399,3.334797491,1.252324786,-95.04225375,-78.90367995,-7.283401723,135.736157,0.01864531,-0.418133829,4.570321137,0,0,1,0,50347,1999.984516,1685.986851,0.842999952,0.187999979,9,0.5,0: Broadleaf,1562851773,288.2307742,299.9964839,23.23361613,20.07610645,600.0212903,94.89255161,0.199980968,25.80134839,26.43290645,999.9,10000.22,726.7042581,85.84881613,1999.984516,0.900000097,0.099999852,27,41744.26452,0,--:--:--,0,2.702,0.342,0,0,0,0,7.123820161,1.18410101,0.154584824,-1,299.9915952,0.143978608,0.027631124,1,288.289381,-0.943450288,0.108429251,1,20.07150714,0.083268779,0.00842178,1,23.23760238,-0.08288761,0.008628124,1,4,4,4-Apr,100,100,2.702,0.342,3,621.665,345.01,25.3337,25.9771,30.0001,25.8912,25.8595,15.7444,-30,-30,-999.9,300,0,103.412,104.824
3,BH1_C_12,1562851845,128.5,20190711 09:30:44,9:30:44,1562851837,0.001964888,3.834817713,193.663477,146.6385757,13.9444061,18.4161784,0.146098334,2.316872624,0.14116641,0.08865825,316.9665181,27.53142719,26.50410645,3.476232169,65.57137872,2.192075955,3.343037767,1.284156214,-86.65157505,-82.57698016,-7.628482868,140.1094801,0.018638853,-0.417989014,4.569026683,0,0,1,0,50391,1999.990323,1685.991863,0.843000011,0.188000028,9,0.5,0: Broadleaf,1562851837,193.6634839,199.9862581,23.05174516,20.17246452,600.0230645,94.89371935,0.199990032,25.843,26.50410645,999.9,9996.633548,727.1225806,150.4075484,1999.990323,0.899999645,0.100000355,27,41744.35161,0,--:--:--,0,2.702,0.342,0,0,0,0,3.728325403,1.192852774,0.156366224,-1,199.9786905,0.112804473,0.015804593,1,193.7288095,-0.976374686,0.115156671,1,20.16751429,0.095953326,0.009785766,1,23.06363333,-0.221313022,0.022378824,1,4,4,4-Apr,100,100,2.702,0.342,3,621.518,344.754,25.3797,26.002,30.0003,25.9206,25.8897,11.6259,-30,-30,-999.9,200,0,103.405,104.822
4,BH1_C_12,1562851912,195.5,20190711 09:31:51,9:31:51,1562851904,0.001726051,0.562886964,98.87966029,89.28649241,8.490699252,9.402961579,0.12403969,2.317478516,0.120465922,0.075603713,316.9662479,27.64231489,26.57053548,3.489868465,64.71620522,2.167867897,3.349806883,1.322000569,-76.11883145,-86.63171575,-8.005004388,146.2106963,0.018646462,-0.41815966,4.570552029,0,0,1,0,50393,1999.989032,1685.990758,0.843000002,0.187999991,9,0.5,0: Broadleaf,1562851904,98.87966129,99.97997419,22.79686452,20.26686774,600.0133548,94.89501613,0.199986742,25.87714839,26.57053548,999.9,10000.57806,727.727871,92.21360645,1999.989032,0.900000129,0.099999877,27,41744.36129,0,--:--:--,0,2.702,0.342,0,0,0,0,0.479607206,0.964675736,0.122617037,-1,99.97724048,0.098638036,0.018080825,1,98.93471429,-0.858968965,0.096139729,1,20.26224286,0.087466494,0.0088575,1,22.80826667,-0.206560246,0.020890425,1,4,4,4-Apr,100,100,2.702,0.342,3,621.217,344.211,25.4113,26.0218,30.0001,25.9452,25.9147,7.35836,-30,-30,-999.9,100,0,103.404,104.821
5,BH1_C_12,1562851975,258.5,20190711 09:32:54,9:32:54,1562851967,0.001535265,-0.950957232,51.28941783,64.32589519,6.116742995,4.877105655,0.108165543,2.318189653,0.10543794,0.066138048,316.9684287,27.69305858,26.58565484,3.492978625,64.20664371,2.149469172,3.347736384,1.343509453,-67.70518566,-89.85250133,-8.300262317,151.1104794,0.018655395,-0.418359988,4.572342546,0,0,1,0,50297,2000.002903,1686.002402,0.842999977,0.187999986,9,0.5,0: Broadleaf,1562851967,51.28941613,49.98113548,22.6046,20.35382903,600.0187742,94.88991935,0.199981484,25.86670968,26.58565484,999.9,10005.90645,728.8204839,135.4994194,2000.002903,0.900000097,0.099999881,27,41744.65484,0,--:--:--,0,2.702,0.342,0,0,0,0,-1.034410794,0.969545197,0.125498432,-1,49.97964286,0.045343489,0.016301623,1,51.3434881,-0.873845231,0.095132622,1,20.3492881,0.084159468,0.008509552,1,22.61232857,-0.145365205,0.014722162,1,4,4,4-Apr,100,100,2.702,0.342,3,621.424,343.844,25.4257,26.0305,30,25.9596,25.9287,5.21984,-30,-30,-999.9,50,0,103.409,104.828
6,BH1_C_12,1562852055,338.5,20190711 09:34:14,9:34:14,1562852047,0.001347867,8.630289573,386.2725652,228.4638137,21.724626,36.73066154,0.093458786,2.316718183,0.091413661,0.057313557,316.9676729,27.76256749,26.59196774,3.494277951,63.70575854,2.133696176,3.349298752,1.360581775,-59.44091392,-89.60006114,-8.282789007,159.6439088,0.018636913,-0.417945522,4.568637903,0,0,1,0,50348,2000,1685.999696,0.842999848,0.18799984,9,0.5,0: Broadleaf,1562852047,386.2725806,399.9985484,22.4387,20.46232903,600.0189032,94.89000323,0.200005355,25.8745871,26.59196774,999.9,9995.984839,729.5964516,43.52460645,2000,0.900001613,0.099998268,27,41744.59355,0,--:--:--,0,2.702,0.342,0,0,0,0,8.695445503,-0.781543219,0.098610391,-1,399.9957143,0.026156713,0.036920949,1,386.2205476,0.995520622,0.101874153,1,20.4578119,0.086483429,0.008774292,1,22.44403095,-0.09812657,0.009934416,1,4,4,4-Apr,100,100,2.702,0.342,3,621.288,344.422,25.4291,26.0305,30.0002,25.9664,25.9374,19.7244,-30,-30,-999.9,400,0,103.408,104.83
7,BH1_C_12,1562852115,399,20190711 09:35:15,9:35:15,1562852107,0.001224355,8.053627418,387.1971469,222.3254674,21.13942225,36.81595312,0.08317169,2.317842528,0.08154856,0.051111044,316.9672337,27.86207008,26.67183226,3.51075219,63.23400715,2.125500515,3.361325038,1.385251675,-53.99407744,-92.05969855,-8.512022461,162.4014352,0.018651034,-0.418262197,4.571468517,0,0,1,0,50422,1999.994839,1685.995661,0.843000006,0.188000029,9,0.5,0: Broadleaf,1562852107,387.1971613,399.9883226,22.35410645,20.55868065,600.0178387,94.88323871,0.199985452,25.93511613,26.67183226,999.9,10004.27194,729.7674516,32.85819355,1999.994839,0.899999613,0.100000381,27,41744.44839,0,--:--:--,0,2.702,0.342,0,0,0,0,8.096938366,-0.545288267,0.06546946,-1,399.9873571,0.116071631,0.024338703,1,387.1564048,0.973117251,0.100012156,1,20.55437381,0.097988494,0.009925534,1,22.35811667,-0.086444534,0.00876986,1,4,4,4-Apr,100,100,2.702,0.342,3,620.435,344.103,25.451,26.0398,30.0002,25.9787,25.9492,19.7243,-30,-30,-999.9,400,0,103.407,104.828
8,BH1_C_12,1562852236,519.5,20190711 09:37:15,9:37:15,1562852228,0.00101208,11.25237719,582.2259476,297.738709,28.30777901,55.35566239,0.06668926,2.317144731,0.06564103,0.04111845,316.967609,28.028068,26.8037871,3.538120084,62.5847279,2.115788654,3.380678842,1.422331429,-44.6327162,-96.39699679,-8.925977843,167.0119182,0.01864227,-0.418065648,4.569711699,0,0,1,0,50280,1999.997097,1685.997613,0.84300003,0.188000034,9,0.5,0: Broadleaf,1562852228,582.2259677,599.9878387,22.25367742,20.76939032,600.0197097,94.87590323,0.200007806,26.03212903,26.8037871,999.9,10000.34387,730.0535161,21.94216452,1999.997097,0.899999645,0.100000377,27,41744.50645,0,--:--:--,0,2.702,0.342,0,0,0,0,11.31305324,-0.681298916,0.083153223,-1,599.9929048,-0.089321773,0.029214975,1,582.1660714,1.128851795,0.114710068,0,20.7636,0.106750506,0.01079195,1,22.25420476,-0.013366178,0.001571465,1,3,4,4-Mar,100,100,2.702,0.342,3,621.101,344.017,25.5154,26.081,30,26.0161,25.9873,27.2411,-30,-30,-999.9,600,0,103.404,104.825
9,BH1_C_12,1562852332,615.5,20190711 09:38:51,9:38:51,1562852324,0.000897283,13.59207014,778.5514272,383.2533588,36.43697973,74.01908405,0.057801858,2.31739832,0.0570127,0.035702943,316.966689,28.17979802,26.94610323,3.567845536,62.17515731,2.116289509,3.403754168,1.451556028,-39.57019798,-99.81586968,-9.253461411,168.3271599,0.018645455,-0.418137072,4.570350126,0,0,1,0,50183,1999.992581,1685.993561,0.842999908,0.18799994,9,0.5,0: Broadleaf,1562852324,778.5514516,799.9868387,22.25966774,20.94373871,600.0165161,94.87283226,0.199993323,26.14716452,26.94610323,999.9,10002.37613,730.4624516,28.40272258,1999.992581,0.900000452,0.099999458,27,41744.42581,0,--:--:--,0,2.702,0.342,0,0,0,0,13.66050706,-0.794682805,0.096282071,-1,800.0017619,-0.212287497,0.044542548,1,778.5009762,0.976890041,0.10067167,1,20.93830476,0.103010777,0.010420994,1,22.25913333,0.013177538,0.001539429,1,4,4,4-Apr,100,100,2.702,0.342,3,621.087,343.901,25.5953,26.1325,30.0004,26.0604,26.0326,34.3335,-30,-30,-999.9,800,0,103.392,104.811
10,BH1_C_12,1562852446,729.5,20190711 09:40:45,9:40:45,1562852438,0.000790781,15.09447565,976.1974246,470.3256784,44.71584501,92.81120455,0.050059453,2.317118684,0.049466307,0.030969148,316.9670918,28.32294485,27.06764839,3.593404941,61.8617134,2.119186174,3.425682959,1.474218767,-34.87343201,-101.409658,-9.413193469,171.2708084,0.018641943,-0.418058312,4.569646124,0,0,1,0,50296,1999.994516,1685.995306,0.842999964,0.187999985,9,0.5,0: Broadleaf,1562852438,976.1974516,999.9963871,22.28980968,21.1301129,600.0180323,94.87423226,0.199983484,26.25585484,27.06764839,999.9,10000.34452,730.9992903,17.79681613,1999.994516,0.900000065,0.099999897,27.01614194,41744.48387,0,--:--:--,0,2.702,0.342,0,0,0,0,15.14386348,-0.604341789,0.081774762,-1,999.9974762,-0.148675148,0.046498458,1,976.1440952,0.947728709,0.105788605,1,21.12451667,0.100604165,0.010175576,1,22.28830952,0.024991816,0.002660631,1,4,4,4-Apr,100,100,2.702,0.342,3,620.911,343.958,25.6822,26.1986,30.0003,26.1213,26.0926,41.1081,-30,-30,-999.9,1000,0,103.383,104.803
11,BH1_C_12,1562852538,822,20190711 09:42:18,9:42:18,1562852530,0.00071786,16.20434144,1174.398681,567.9197328,53.99418989,111.6543443,0.044807929,2.317082183,0.044332059,0.02774987,316.9668018,28.45504747,27.18048387,3.617275724,61.61293851,2.124252477,3.447737649,1.493023246,-31.65764775,-101.9242561,-9.47160516,173.9132928,0.018641484,-0.418048032,4.569554233,0,0,1,0,50238,1999.993226,1685.994252,0.842999981,0.18799993,9,0.5,0: Broadleaf,1562852530,1174.39871,1199.969032,22.34323548,21.29053548,600.0180968,94.87361613,0.20001271,26.36455806,27.18048387,999.9,10000.16355,731.3294194,14.60102903,1999.993226,0.900000903,0.099999106,28,41744.45806,0,--:--:--,0,2.702,0.342,0,0,0,0,16.26664783,-0.661864783,0.084013599,-1,1199.978571,-0.189565107,0.050122299,1,1174.340476,0.886678909,0.09822114,1,21.2849,0.103905736,0.010501678,1,22.34097143,0.040495496,0.004152182,1,4,4,4-Apr,100,100,2.702,0.342,3,620.675,343.828,25.761,26.2631,30.0004,26.1803,26.1519,47.63,-30,-30,-999.9,1200,0,103.375,104.795
12,BH1_C_12,1562852608,892.1000001,20190711 09:43:28,9:43:28,1562852600,0.000666548,17.6803679,1472.007388,749.2815059,71.23844895,139.9521039,0.041124204,2.319004501,0.040723312,0.025487763,316.966931,28.54049093,27.27638387,3.637672427,61.48507982,2.128690505,3.462125301,1.508981922,-29.39477462,-105.1734895,-9.773586502,172.6250804,0.018665633,-0.418589584,4.574394472,0,0,1,0,50213,1999.992581,1685.993918,0.843000086,0.188000044,9,0.5,0: Broadleaf,1562852600,1472.007419,1499.999032,22.38943226,21.41201935,600.0146774,94.8757129,0.199967452,26.43514516,27.27638387,999.9,10012.89677,731.3616452,12.34037742,1999.992581,0.899999742,0.100000348,28,41744.41613,0,--:--:--,0,2.702,0.342,0,0,0,0,17.77183225,-1.116215718,0.151168487,-1,1500.004048,-0.219074629,0.07409966,1,1471.947619,0.987926424,0.123554683,1,21.40676429,0.097171704,0.009827726,1,22.38746429,0.036495908,0.003766824,1,4,4,4-Apr,100,100,2.702,0.342,3,620.585,344.143,25.8218,26.3136,30.0004,26.2267,26.198,56.9339,-30,-30,-999.9,1500,0,103.365,104.783
13,BH1_C_12,1562852675,959.1000001,20190711 09:44:35,9:44:35,1562852667,0.000621311,18.69030922,1970.120612,1135.016008,107.915136,187.3152732,0.037950714,2.316609124,0.037608681,0.023535899,316.9667787,28.63301254,27.35977419,3.655490002,61.3215683,2.132570835,3.47768476,1.522919166,-27.39982472,-105.9818089,-9.866751406,173.7183937,0.018635544,-0.417914811,4.568363371,0,0,1,0,50198,1999.991935,1685.993234,0.843000016,0.18800003,9,0.5,0: Broadleaf,1562852667,1970.120645,1999.99129,22.42968065,21.51864516,600.0181935,94.87806129,0.200012677,26.51119355,27.35977419,999.9,9996.508387,731.6794516,8.003012903,1999.991935,0.899999645,0.100000361,28,41744.40645,0,--:--:--,0,2.702,0.342,0,0,0,0,18.86353328,-1.961724693,0.35538168,-1,1999.994286,-0.130726039,0.060754888,1,1970.046429,0.502309221,0.232295188,1,21.51366429,0.091180579,0.009225013,1,22.4279,0.032947003,0.003392499,1,4,4,4-Apr,100,100,2.702,0.342,3,620.539,344.928,25.8782,26.3586,30.0004,26.2703,26.2408,71.328,-30,-30,-999.9,2000,0,103.361,104.776
14,BH1_C_17,1562853446,1730.2,20190711 09:57:26,9:57:26,1562853438,0.000295587,1.08194898,398.2027723,290.4001139,27.6070367,37.85535206,0.01763226,2.317508663,0.01755807,0.010980433,316.9678379,28.67807549,27.56840645,3.700401419,62.01788063,2.149230455,3.465501293,1.551170964,-13.03537507,-139.5266367,-12.99438807,151.411438,0.018646841,-0.418168152,4.57062793,14,2,1,0,50277,1999.998065,1685.998363,0.842999997,0.188000086,9,0.5,0: Broadleaf,1562853438,398.2027742,400.0021935,22.6078871,22.17454516,600.0197742,94.86553226,0.199983839,26.45167097,27.56840645,999.9,10003.88935,732.5139355,5.485797742,1999.998065,0.899998774,0.100001181,28,41744.50968,1562853150,9:52:30,1,2.737,0.282,400,22,0.72,0.18,1.13925367,-0.678930684,0.08099791,-1,399.9957381,0.03406207,0.028453855,1,398.1459048,0.974993923,0.099539609,1,22.17322857,0.025046269,0.002561927,1,22.61294048,-0.092692975,0.009368312,1,4,4,4-Apr,100,100,2.737,0.282,3,601.078,339.6,25.898,26.2836,29.9999,26.2532,26.2229,19.7897,-30,-30,-999.9,400,0,103.374,104.816
15,BH1_C_17,1562853512,1796.2,20190711 09:58:32,9:58:32,1562853504,0.000227964,0.100858267,299.738903,279.8498248,26.60265884,28.49332418,0.01346526,2.316753958,0.013421932,0.008392589,316.9676749,28.72329495,27.60009032,3.70726382,61.73772695,2.142393691,3.470153173,1.564870129,-10.05319732,-140.5972488,-13.10192758,153.2153013,0.018637363,-0.417955596,4.56872796,14,2,1,0,50233,1999.99871,1685.999042,0.843000065,0.187999914,9,0.5,0: Broadleaf,1562853504,299.7389032,299.9926774,22.53716452,22.20293548,600.0179032,94.86049032,0.19999029,26.47441935,27.60009032,999.9,9999.335806,732.5418387,5.132836129,1999.99871,0.900001484,0.099998642,28,41744.56774,1562853150,9:52:30,1,2.737,0.282,400,22,0.72,0.18,0.008770376,1.053554843,0.135849412,-1,299.9879762,0.125484158,0.026318098,1,299.7967381,-0.8880739,0.102462086,1,22.20197619,0.017438457,0.001825587,1,22.53962143,-0.047038328,0.004798489,1,4,4,4-Apr,100,100,2.737,0.282,3,600.973,339.296,25.9011,26.2587,30,26.2283,26.1982,15.8137,-30,-30,-999.9,300,0,103.377,104.821
16,BH1_C_17,1562853579,1863.2,20190711 09:59:39,9:59:39,1562853571,0.00018545,-0.3925693,200.5143555,251.9036637,23.9453803,19.06043139,0.010940996,2.316899949,0.010912373,0.006822799,316.9678794,28.70749589,27.58302581,3.703566442,61.71100281,2.137748704,3.464128934,1.565817738,-8.17833306,-142.1549765,-13.24317384,153.391396,0.018639196,-0.41799671,4.569095472,14,2,1,0,50260,2000,1686.00013,0.843000065,0.187999914,9,0.5,0: Broadleaf,1562853571,200.5143548,199.9812903,22.48896129,22.21704839,600.012871,94.85770645,0.199983258,26.44495484,27.58302581,999.9,10000.6129,732.5038065,5.076025806,2000,0.900001484,0.099998642,28,41744.59355,1562853150,9:52:30,1,2.737,0.282,400,22,0.72,0.18,-0.484884423,1.072920067,0.138727769,-1,199.9767381,0.092209707,0.018733799,1,200.5735952,-0.937528563,0.106174174,1,22.2163,0.01527202,0.00161717,1,22.49017143,-0.022873997,0.00235971,1,4,4,4-Apr,100,100,2.737,0.282,3,601.146,338.928,25.8923,26.2316,29.9999,26.203,26.1729,11.6683,-30,-30,-999.9,200,0,103.381,104.828
17,BH1_C_17,1562853649,1932.7,20190711 10:00:48,10:00:48,1562853641,0.000161845,-0.59165705,100.8384527,196.2183553,18.65134467,9.585100915,0.009540465,2.316502416,0.009518689,0.005951133,316.9680601,28.72198148,27.58013548,3.702940513,61.64821617,2.136394123,3.465459759,1.56654639,-7.137356477,-140.9562423,-13.13399022,155.7404711,0.018634204,-0.417884762,4.56809476,14,2,1,0,50322,2000.000323,1686.000257,0.842999993,0.188000007,9,0.5,0: Broadleaf,1562853641,100.8384516,99.97547419,22.47557742,22.23827419,600.0193871,94.8540129,0.200013226,26.45146774,27.58013548,999.9,9998.323871,732.4600323,4.794733226,2000.000323,0.899999871,0.100000116,28,41744.55806,1562853150,9:52:30,1,2.737,0.282,400,22,0.72,0.18,-0.663364785,0.838797733,0.10544871,-1,99.98017381,-0.040861868,0.011239854,1,100.8944286,-0.90839461,0.097391977,1,22.23690952,0.025168047,0.002559186,1,22.47561429,0.002543583,0.000927765,1,4,4,4-Apr,100,100,2.737,0.282,3,600.95,338.579,25.8857,26.2053,30,26.1768,26.1466,7.3741,-30,-30,-999.9,100,0,103.384,104.833
18,BH1_C_17,1562853713,1996.7,20190711 10:01:52,10:01:52,1562853705,0.000150113,-0.69334677,51.01169157,173.9593693,16.53508053,4.848732387,0.008819186,2.315820694,0.00880057,0.005502026,316.967653,28.73584834,27.60527419,3.708387649,61.62935537,2.136935319,3.467398459,1.571452331,-6.619962374,-142.8692753,-13.31846771,154.1599477,0.018625645,-0.417692818,4.566378829,14,2,1,0,50159,1999.997097,1685.997599,0.843000023,0.188000062,9,0.5,0: Broadleaf,1562853705,51.01169032,49.9831871,22.48189355,22.26179355,600.0179032,94.8513871,0.200006774,26.46095161,27.60527419,999.9,9994.008065,732.2491935,4.591029032,1999.997097,0.899999226,0.100000774,28,41744.52903,1562853150,9:52:30,1,2.737,0.282,400,22,0.72,0.18,-0.770156805,0.900935306,0.114656914,-1,49.98528095,-0.012529464,0.007669551,1,51.06784762,-0.918472519,0.099631985,1,22.26004048,0.033682716,0.003453298,1,22.4812619,0.013922708,0.001502213,1,4,4,4-Apr,100,100,2.737,0.282,3,600.926,338.278,25.8842,26.1882,29.9999,26.1576,26.1284,5.21918,-30,-30,-999.9,50,0,103.384,104.837
19,BH1_C_17,1562853790,2074.2,20190711 10:03:10,10:03:10,1562853782,0.000144756,0.228079667,399.5819673,346.5519599,32.9384078,37.97870251,0.008525795,2.317169123,0.008508405,0.005319313,316.9674796,28.73418014,27.5945,3.706052207,61.68905848,2.1387292,3.466950628,1.567323007,-6.383721244,-141.8801387,-13.21770484,155.4859148,0.018642576,-0.418072517,4.569773104,14,2,1,0,50261,1999.997742,1685.998034,0.842999969,0.187999911,9,0.5,0: Broadleaf,1562853782,399.5819677,400.0108387,22.50202258,22.28978065,600.0155484,94.84609677,0.199990419,26.45876129,27.5945,999.9,10003.65097,731.8668387,4.353510968,1999.997742,0.900001129,0.099998874,28,41744.54194,1562853150,9:52:30,1,2.737,0.282,400,22,0.72,0.18,0.314861752,-0.999086845,0.12642832,-1,400.018119,-0.14966913,0.035482526,1,399.5262143,0.895901599,0.09978251,1,22.28956667,0.006528173,0.001029023,1,22.50178571,0.002579385,0.000865633,1,4,4,4-Apr,100,100,2.737,0.282,3,600.9,338.722,25.8783,26.1647,29.9999,26.1331,26.1035,19.8078,-30,-30,-999.9,400,0,103.388,104.846
20,BH1_C_17,1562853851,2134.7,20190711 10:04:10,10:04:10,1562853843,0.000140346,0.142938013,399.723032,361.6583801,34.37310914,37.99088909,0.008268033,2.317204214,0.008251678,0.005158766,316.967731,28.73893619,27.59747742,3.706697472,61.71066962,2.139903379,3.467639214,1.566794093,-6.189280081,-141.8335262,-13.21358141,155.7313433,0.018643017,-0.418082401,4.569861448,14,2,1,0,50319,1999.997742,1685.998105,0.843000004,0.188000052,9,0.5,0: Broadleaf,1562853843,399.7230323,400.0215806,22.5151,22.30932581,600.0165161,94.84304194,0.199990484,26.46212903,27.59747742,999.9,10004.20968,731.6322903,4.506190323,1999.997742,0.89999929,0.10000069,28,41744.54194,1562853150,9:52:30,1,2.737,0.282,400,22,0.72,0.18,0.142068698,-0.05428015,0.019048091,-1,400.0130714,0.089053457,0.017509715,1,399.7168095,0.191757786,0.029598293,1,22.3081,0.025799796,0.002756378,1,22.5139881,0.023289087,0.002456207,1,4,4,4-Apr,100,100,2.737,0.282,3,601.139,338.517,25.8741,26.149,30,26.1152,26.0854,19.8037,-30,-30,-999.9,400,0,103.386,104.846
21,BH1_C_17,1562853925,2208.7,20190711 10:05:24,10:05:24,1562853917,0.000136763,0.743290425,598.7906116,437.3144549,41.56054057,56.90656055,0.008080368,2.316172518,0.00806474,0.005041864,316.9680815,28.72985971,27.58399032,3.703775339,61.80349937,2.141708987,3.465352301,1.562066351,-6.031246925,-141.4831774,-13.18518638,156.2684708,0.018630062,-0.417791872,4.567264362,14,2,1,0,50153,2000,1685.999895,0.842999948,0.18800006,9,0.5,0: Broadleaf,1562853917,598.7906129,600.0283548,22.53580645,22.33529032,600.0156452,94.83582258,0.20000371,26.45094194,27.58399032,999.9,9998.01871,731.7809355,4.532437097,2000,0.899998935,0.100000968,28,41744.56129,1562853150,9:52:30,1,2.737,0.282,400,22,0.72,0.18,0.809550984,-0.775582886,0.093625935,-1,600.0230238,0.028814575,0.024779492,1,598.7335238,0.990564474,0.101744834,1,22.33437143,0.015446851,0.001633618,1,22.53458095,0.022604844,0.002317145,1,4,4,4-Apr,100,100,2.737,0.282,3,601.129,338.604,25.8696,26.127,30,26.0922,26.0614,27.3478,-30,-30,-999.9,600,0,103.39,104.852
22,BH1_C_17,1562853996,2280.3,20190711 10:06:36,10:06:36,1562853988,0.000134568,1.282330904,797.9294493,522.731975,49.67652535,75.82922877,0.007985179,2.316962308,0.007969922,0.00498257,316.9685776,28.69591763,27.55127742,3.696696065,61.91876319,2.14140345,3.458407985,1.555292615,-5.934467103,-141.6934044,-13.19587391,156.1448322,0.018639979,-0.418014271,4.569252456,14,2,1,0,50162,2000.002581,1686.002199,0.843000012,0.188000097,9,0.5,0: Broadleaf,1562853988,797.9294516,800.0139677,22.53338065,22.33608065,600.0127742,94.83250968,0.19998829,26.41693226,27.55127742,999.9,10003.69032,731.7944194,4.536753226,2000.002581,0.899998677,0.10000129,28,41744.59677,1562853150,9:52:30,1,2.737,0.282,400,22,0.72,0.18,1.35747632,-0.951786872,0.124386837,-1,799.9994048,-0.024849278,0.059981767,1,797.8659762,0.909162432,0.110326893,1,22.33608095,0.000197981,0.000662692,1,22.53376667,-0.005384894,0.000791222,1,4,4,4-Apr,100,100,2.737,0.282,3,601.117,338.858,25.8526,26.0992,30,26.0656,26.0352,34.4578,-30,-30,-999.9,800,0,103.393,104.857
23,BH1_C_17,1562854068,2352.3,20190711 10:07:48,10:07:48,1562854060,0.000133596,1.919087701,996.9591901,588.4090541,55.91504217,94.73854076,0.007943369,2.315901545,0.007928264,0.00495652,316.9681607,28.69214897,27.53844516,3.693922312,61.94933798,2.14182332,3.457378867,1.552098992,-5.891570777,-140.6562766,-13.10411425,157.3161991,0.01862666,-0.41771558,4.566582324,13,2,1,0,50267,1999.999355,1685.999518,0.843000031,0.188000149,9,0.5,0: Broadleaf,1562854060,996.9591935,1000.037516,22.53898387,22.3431129,600.0181613,94.8275,0.200001323,26.4118871,27.53844516,999.9,9997.070323,731.7721613,4.635470323,1999.999355,0.899998032,0.100001935,28,41744.53871,1562853150,9:52:30,1,2.737,0.282,400,22,0.72,0.18,1.993208893,-0.88902735,0.126932485,-1,1000.01931,0.322252654,0.053639666,1,996.9000952,0.998583583,0.108418899,1,22.3427,0.010484077,0.001238278,1,22.53888333,0.003814602,0.000826616,1,4,4,4-Apr,100,100,2.737,0.282,3,601.351,339.148,25.8325,26.0695,30,26.0372,26.0069,41.2399,-30,-30,-999.9,1000,0,103.4,104.867
24,BH1_C_17,1562854141,2425.3,20190711 10:09:01,10:09:01,1562854133,0.000130502,2.242222198,1196.406448,706.3636403,67.12275602,113.6894561,0.007738562,2.315520189,0.007724223,0.004828925,316.9672181,28.71813156,27.56374194,3.69939207,61.90090833,2.143268462,3.462418436,1.556123608,-5.755152899,-140.7084182,-13.1144087,157.3892383,0.018621872,-0.417608221,4.565622508,13,2,1,0,50097,1999.996452,1685.996712,0.842999851,0.187999903,9,0.5,0: Broadleaf,1562854133,1196.406452,1200.003871,22.5546,22.36326774,600.019129,94.82575806,0.200022129,26.43658065,27.56374194,999.9,9994.684516,731.6503548,4.633111613,1999.996452,0.900000742,0.099999113,28,41744.53226,1562853150,9:52:30,1,2.737,0.282,400,22,0.72,0.18,2.321850864,-0.90454086,0.109009132,-1,1200.015476,-0.294335953,0.048804878,1,1196.346667,0.945531156,0.104600525,1,22.36211429,0.019178997,0.002026911,1,22.5537619,0.01542371,0.00164055,1,4,4,4-Apr,100,100,2.737,0.282,3,601.711,339.282,25.8267,26.0436,30,26.0098,25.9808,47.765,-30,-30,-999.9,1200,0,103.401,104.874
25,BH1_C_17,1562854216,2500.3,20190711 10:10:16,10:10:16,1562854208,0.000127583,2.715508373,1495.646447,889.6905502,84.53994831,142.1189348,0.007583754,2.316799626,0.007569989,0.004732478,316.9683083,28.69779456,27.54780968,3.695946317,61.9864188,2.143676766,3.458300718,1.552269551,-5.626421335,-141.3159981,-13.16138721,156.8645016,0.018637936,-0.417968457,4.568842921,13,2,1,0,50318,2000.000968,1686.000852,0.843000018,0.188000088,9,0.5,0: Broadleaf,1562854208,1495.646452,1500.005806,22.55985484,22.37280323,600.0188387,94.82176129,0.199983387,26.41640645,27.54780968,999.9,10003.72774,731.7963226,4.635737097,2000.000968,0.899998839,0.100001142,28,41744.59355,1562853150,9:52:30,1,2.737,0.282,400,22,0.72,0.18,2.783715486,-0.757662236,0.100298137,-1,1500.005714,0.096653432,0.043157676,1,1495.593095,0.9145126,0.101100801,1,22.37336905,-0.012984037,0.001428034,1,22.56012619,-0.005679605,0.000987073,1,4,4,4-Apr,100,100,2.737,0.282,3,601.574,339.749,25.8211,26.0195,29.9999,25.9858,25.9559,57.0829,-30,-30,-999.9,1500,0,103.407,104.882
26,BH1_C_17,1562854298,2582.3,20190711 10:11:38,10:11:38,1562854290,0.000119907,3.543994639,1994.316123,1157.272497,109.9649153,189.5014389,0.007145952,2.316380581,0.007133728,0.004459676,316.9678847,28.68641003,27.53079032,3.692268547,62.05270704,2.144163739,3.455391137,1.548104808,-5.287907417,-140.9468146,-13.12732411,157.6058386,0.018632674,-0.417850456,4.567788079,13,2,1,0,50081,1999.998387,1685.998652,0.843000006,0.188000082,9,0.5,0: Broadleaf,1562854290,1994.316129,1999.990645,22.5652129,22.38941613,600.0185161,94.82074839,0.200014258,26.40213871,27.53079032,999.9,10001.01032,731.6633548,4.354578387,1999.998387,0.899998871,0.100001097,28,41744.53226,1562853150,9:52:30,1,2.737,0.282,400,22,0.72,0.18,3.62338311,-1.121776913,0.14550641,-1,1999.994048,-0.476557815,0.109784627,1,1994.257857,0.881646544,0.118090678,1,22.38812143,0.02372093,0.002443508,1,22.56417381,0.019162467,0.001957046,1,4,4,4-Apr,100,100,2.737,0.282,3,601.647,340.401,25.803,25.9954,30.0001,25.9618,25.9315,71.4978,-30,-30,-999.9,2000,0,103.412,104.888
27,BH1_C_17,1562854431,2715.3,20190711 10:13:51,10:13:51,1562854423,0.000115144,4.06825738,2493.503864,1493.418441,141.8942667,236.9154501,0.006885601,2.316780431,0.006874252,0.004297426,316.9680337,28.66504301,27.50973871,3.687723851,62.16257964,2.145099291,3.450788727,1.542624561,-5.077856554,-141.163333,-13.14235242,157.5844917,0.018637695,-0.417963051,4.5687946,13,2,1,0,50364,2000,1686.000331,0.843000166,0.187999983,9,0.5,0: Broadleaf,1562854423,2493.503871,2500.036774,22.5768871,22.40807419,600.0139032,94.81309032,0.199976871,26.37954839,27.50973871,999.9,10004.51323,731.7954839,4.298122581,2000,0.900000935,0.099999287,28,41744.5871,1562853150,9:52:30,1,2.737,0.282,400,22,0.72,0.18,3.994358941,0.963810153,0.144813708,-1,2500.024048,0.345288064,0.080594798,1,2493.532857,-0.41617373,0.073752666,1,22.40784286,0.001732761,0.000714857,1,22.57640952,0.009210275,0.001102337,1,4,4,4-Apr,100,100,2.737,0.282,3,601.809,341.258,25.7834,25.9648,30,25.9269,25.8968,84.5849,-30,-30,-999.9,2500,0,103.414,104.895
28,BH1_C_16,1562854728,3011.8,20190711 10:18:47,10:18:47,1562854720,0.000514703,4.041511136,393.635154,220.9583827,20.99340745,37.3995459,0.039226915,2.316481192,0.038861591,0.024321034,316.9678193,28.3842893,26.25541613,3.4255942,64.46069709,2.204508728,3.419926913,1.221085472,-22.6983805,-3.500840337,-0.323682909,290.4449156,0.018633937,-0.417878786,4.568041335,0,0,1,0,50112,1999.99871,1685.998835,0.842999961,0.188000023,9,0.5,0: Broadleaf,1562854720,393.6351613,400.0011613,23.20274516,22.44862581,600.0164194,94.81070323,0.199982484,26.22738387,26.25541613,999.9,10002.74806,725.7850645,5.199254839,1999.99871,0.899999516,0.100000423,28,41744.55161,1562853150,9:52:30,1,2.737,0.282,400,22,0.72,0.18,4.097679171,-0.605737528,0.071522899,-1,399.998881,0.100048768,0.022066137,1,393.579381,0.997938113,0.101691165,1,22.44816429,0.005042125,0.000912824,1,23.20989286,-0.135430076,0.01369886,1,4,4,4-Apr,100,100,2.737,0.282,3,626.746,336.628,25.6979,25.9101,30.0001,25.8681,25.8398,19.797,-30,-30,-999.9,400,0,103.415,104.904
29,BH1_C_16,1562854792,3076.3,20190711 10:19:52,10:19:52,1562854784,0.000432078,2.151665254,296.5628994,185.2123581,17.59693429,28.17629399,0.032630182,2.31443528,0.032376748,0.020258073,316.9675589,28.40595187,26.24782581,3.424058854,64.1679449,2.19361253,3.41854883,1.230446324,-19.05462544,-3.40195276,-0.314795201,294.1961855,0.018608256,-0.417302865,4.562892319,0,0,1,0,50248,1999.998387,1685.9985,0.84299993,0.187999906,9,0.5,0: Broadleaf,1562854784,296.5629032,299.9825161,23.08834839,22.4552129,600.0161935,94.8095,0.200004065,26.22056129,26.24782581,999.9,9989.089032,725.6511613,5.510931613,1999.998387,0.900001032,0.099998923,28,41744.54194,1562853150,9:52:30,1,2.737,0.282,400,22,0.72,0.18,2.054631121,1.132225634,0.154361803,-1,299.9810476,0.04314421,0.022205697,1,296.6210476,-0.886510891,0.104409896,1,22.4550119,0.007353139,0.001112098,1,23.09202619,-0.069372577,0.007031801,1,4,4,4-Apr,100,100,2.737,0.282,3,626.79,336.156,25.6786,25.8992,30,25.8568,25.8269,15.8165,-30,-30,-999.9,300,0,103.417,104.907
30,BH1_C_16,1562854859,3142.8,20190711 10:20:58,10:20:58,1562854851,0.000377797,0.77030827,198.710547,151.4205132,14.38624987,18.87920943,0.028465627,2.31504076,0.028272599,0.017687608,316.9680887,28.39327932,26.22257419,3.418955363,64.08245557,2.186840974,3.412542411,1.232114389,-16.66086754,-3.966091328,-0.366799857,295.9743299,0.018615855,-0.41747327,4.564415953,0,0,1,0,50380,2000.00129,1686.00093,0.842999921,0.187999949,9,0.5,0: Broadleaf,1562854851,198.7105484,199.9785806,23.01729677,22.46366129,600.0182903,94.80860323,0.199989484,26.19079677,26.22257419,999.9,9993.262581,725.5633871,5.662367742,2000.00129,0.900000387,0.099999535,28,41744.61935,1562853150,9:52:30,1,2.737,0.282,400,22,0.72,0.18,0.686139201,1.010336561,0.131131499,-1,199.9807381,0.031183182,0.018485592,1,198.7673571,-0.914868304,0.102919483,1,22.46389048,-0.004566986,0.000828311,1,23.01919048,-0.039071222,0.004043561,1,4,4,4-Apr,100,100,2.737,0.282,3,626.564,335.99,25.6624,25.8861,30,25.8443,25.8149,11.6686,-30,-30,-999.9,200,0,103.417,104.909
31,BH1_C_16,1562854927,3210.9,20190711 10:22:07,10:22:07,1562854919,0.000353069,-0.193474015,100.2196778,109.7214816,10.42452692,9.521770149,0.026481342,2.31532664,0.026314223,0.016461316,316.9676622,28.41608651,26.23389677,3.421242897,63.94430585,2.184073049,3.415586455,1.237169848,-15.57032665,-3.496276889,-0.323352442,297.5777063,0.018619443,-0.417553738,4.565135401,0,0,1,0,50180,1999.999355,1685.999272,0.842999908,0.187999881,9,0.5,0: Broadleaf,1562854919,100.2196774,99.98255161,22.98806774,22.47065806,600.0217097,94.80897419,0.200013677,26.2058871,26.23389677,999.9,9995.149677,725.4830645,5.708231613,1999.999355,0.90000129,0.099998648,28,41744.58065,1562853150,9:52:30,1,2.737,0.282,400,22,0.72,0.18,-0.275205486,0.972024019,0.12213926,-1,99.98531905,0.021195281,0.023491835,1,100.2790476,-0.995033053,0.106135572,1,22.4699,0.013751692,0.001493797,1,22.98887619,-0.016487835,0.001779086,1,4,4,4-Apr,100,100,2.737,0.282,3,626.529,335.626,25.6489,25.8728,30,25.8312,25.802,7.36845,-30,-30,-999.9,100,0,103.417,104.912
32,BH1_C_16,1562854991,3274.8,20190711 10:23:10,10:23:10,1562854983,0.000341405,-0.647102343,50.93496567,89.95689077,8.546557507,4.839191412,0.025681373,2.317024166,0.02552428,0.015966709,316.9681575,28.40258746,26.21357097,3.417137369,63.99628169,2.183806179,3.41239541,1.23333119,-15.05597635,-2.935915014,-0.271279399,298.7049867,0.018640756,-0.418031692,4.569408178,0,0,1,0,50328,2000.000645,1686.000511,0.842999984,0.188000036,9,0.5,0: Broadleaf,1562854983,50.93496452,49.99041613,22.98567742,22.48535161,600.0132903,94.80729032,0.199967419,26.19006774,26.21357097,999.9,10006.76839,725.1352903,5.876838387,2000.000645,0.899999419,0.100000542,28,41744.5871,1562853150,9:52:30,1,2.737,0.282,400,22,0.72,0.18,-0.729217444,0.881301309,0.114705195,-1,49.98270476,0.006950562,0.022532875,1,50.99076667,-0.894219735,0.09641725,1,22.48438333,0.018710351,0.001938693,1,22.98563333,0.002588578,0.000709684,1,4,4,4-Apr,100,100,2.737,0.282,3,626.441,335.438,25.6395,25.8621,30.0001,25.8204,25.7924,5.21297,-30,-30,-999.9,50,0,103.416,104.915
33,BH1_C_16,1562855068,3351.8,20190711 10:24:27,10:24:27,1562855060,0.000335623,2.936136731,395.4151238,203.414342,19.32618163,37.56797297,0.025437378,2.314319004,0.025283067,0.015815703,316.9688309,28.3464215,26.16762581,3.407872939,64.22476494,2.183777491,3.400210951,1.224095448,-14.80099546,-4.751305575,-0.439300615,296.9772293,0.018606797,-0.417270144,4.562599742,0,0,1,0,50312,2000.004516,1686.003841,0.843000017,0.188000065,9,0.5,0: Broadleaf,1562855060,395.415129,400.0182258,22.98496774,22.49312258,600.0227097,94.80889355,0.200049484,26.12954516,26.16762581,999.9,9988.369677,725.3622903,5.978715161,2000.004516,0.899999161,0.100000829,27.76344516,41744.66774,1562853150,9:52:30,1,2.737,0.282,400,22,0.72,0.18,3.004417943,-0.819982817,0.102370879,-1,400.0163095,0.05303269,0.017220542,1,395.3647857,0.90603536,0.094726306,1,22.49330238,-0.00068504,0.000525759,1,22.98523333,-0.003847053,0.000659605,1,4,4,4-Apr,100,100,2.737,0.282,3,626.47,336.022,25.6148,25.8491,30,25.8094,25.7799,19.8128,-30,-30,-999.9,400,0,103.418,104.918
34,BH1_C_16,1562855129,3412.4,20190711 10:25:28,10:25:28,1562855121,0.00032766,2.807968258,395.5818337,207.8768239,19.74986042,37.58324692,0.02490459,2.315775934,0.024756748,0.015486177,316.9685917,28.32929133,26.14013871,3.402340906,64.23819681,2.181851562,3.396501879,1.220489345,-14.44982652,-3.627441762,-0.33510115,298.5562223,0.018625083,-0.417680217,4.566266173,0,0,1,0,50344,2000.003871,1686.003328,0.843000032,0.18799998,9,0.5,0: Broadleaf,1562855121,395.5818387,399.9880645,22.96504194,22.48485484,600.0206129,94.80752581,0.199989,26.11108387,26.14013871,999.9,9998.33,725.7100323,6.320642581,2000.003871,0.900000419,0.099999632,27.00269032,41744.67742,1562853150,9:52:30,1,2.737,0.282,400,22,0.72,0.18,2.825071108,-0.205896216,0.02660769,-1,399.998881,-0.201198726,0.025369838,1,395.5806667,0.036447967,0.013367813,1,22.48540714,-0.013408949,0.001424345,1,22.96629286,-0.027530838,0.002854603,1,4,4,4-Apr,100,100,2.737,0.282,3,626.516,335.991,25.5934,25.8371,29.9999,25.7982,25.7687,19.8104,-30,-30,-999.9,400,0,103.418,104.92
35,BH1_C_16,1562855204,3487.4,20190711 10:26:43,10:26:43,1562855196,0.000301771,4.544097633,592.9183467,266.9859756,25.36640184,56.33331492,0.023052535,2.31464139,0.022925742,0.014339922,316.9686289,28.28501856,26.08592581,3.391453041,64.31373196,2.177485462,3.385724006,1.213967579,-13.30812237,-3.56729652,-0.329528034,299.763682,0.018610843,-0.417360869,4.563410958,0,0,1,0,50404,2000.004194,1686.003603,0.843000034,0.187999971,9,0.5,0: Broadleaf,1562855196,592.9183548,600.0026452,22.91842903,22.47616129,600.0207419,94.81023226,0.200008581,26.05733871,26.08592581,999.9,9990.400323,725.3620323,6.309342258,2000.004194,0.900000548,0.09999951,27,41744.6871,1562853150,9:52:30,1,2.737,0.282,400,22,0.72,0.18,4.62194265,-0.903152202,0.112067619,-1,600.0129286,-0.169474111,0.037612303,1,592.8620238,0.937548011,0.100793397,1,22.47655,-0.008435297,0.001023823,1,22.92031905,-0.036741917,0.003794623,1,4,4,4-Apr,100,100,2.737,0.282,3,626.447,336.346,25.5611,25.8246,30,25.7857,25.7579,27.3626,-30,-30,-999.9,600,0,103.419,104.921
36,BH1_C_16,1562855283,3566.4,20190711 10:28:02,10:28:02,1562855275,0.000269489,5.813007815,790.9772799,326.2894381,31.00164521,75.15289843,0.020620457,2.316476618,0.020519023,0.012833461,316.9684682,28.2553017,26.04433548,3.383120875,64.29067942,2.171739022,3.3779998,1.211381853,-11.8844539,-3.197884433,-0.295050946,301.5910789,0.01863388,-0.417877498,4.568029821,0,0,1,0,50212,2000.002903,1686.002685,0.843000119,0.187999978,9,0.5,0: Broadleaf,1562855275,790.9772903,800.0163226,22.85735161,22.46236774,600.0145161,94.81272258,0.199991871,26.01872903,26.04433548,999.9,10002.50419,724.8862581,6.02685,2000.002903,0.900000806,0.099999358,27,41744.64194,1562853150,9:52:30,1,2.737,0.282,400,22,0.72,0.18,5.877161611,-0.692480588,0.083662523,-1,800.0209762,-0.061093915,0.033024874,1,790.920119,0.973058909,0.100817658,1,22.46271905,-0.007049672,0.000891825,1,22.85980238,-0.045855927,0.004658504,1,4,4,4-Apr,100,100,2.737,0.282,3,626.483,336.726,25.5286,25.8154,30.0001,25.777,25.7493,34.4719,-30,-30,-999.9,800,0,103.422,104.924
37,BH1_C_16,1562855363,3646.4,20190711 10:29:22,10:29:22,1562855355,0.000239011,6.881009931,989.3456974,371.2040901,35.26886833,93.9997809,0.018300204,2.315752654,0.01822024,0.011394805,316.9683666,28.2405261,26.02164194,3.378582014,64.29422843,2.168607549,3.3729428,1.209974466,-10.54039249,-3.524708688,-0.325228522,302.5780369,0.018624791,-0.417673663,4.566207581,0,0,1,0,50258,2000.002581,1686.002158,0.842999991,0.187999977,9,0.5,0: Broadleaf,1562855355,989.3457097,1000.021581,22.82454839,22.47422581,600.0191613,94.81206129,0.200006935,25.99340968,26.02164194,999.9,9997.694839,724.4113871,6.766359355,2000.002581,0.90000029,0.09999971,27,41744.6129,1562853150,9:52:30,1,2.737,0.282,400,22,0.72,0.18,6.94054951,-0.714187929,0.091886462,-1,1000.003857,0.173081598,0.04047902,1,989.285119,0.972572725,0.105817048,1,22.47351667,0.011274613,0.001420248,1,22.82535476,-0.015790293,0.00162117,1,4,4,4-Apr,100,100,2.737,0.282,3,626.446,336.862,25.4943,25.8077,30.0001,25.7705,25.7419,41.2557,-30,-30,-999.9,1000,0,103.423,104.927
38,BH1_C_16,1562855452,3735.4,20190711 10:30:51,10:30:51,1562855444,0.000212836,7.449663671,1188.449987,444.0906735,42.1943819,112.9181845,0.016441797,2.316510388,0.016377239,0.010241553,316.9688656,28.17098001,25.94173226,3.362641855,64.44590703,2.16377614,3.357507467,1.198865715,-9.386085041,-3.223311459,-0.2970863,304.0623828,0.018634304,-0.417887007,4.568114829,0,0,1,0,50262,2000.004839,1686.00411,0.843000016,0.188000055,9,0.5,0: Broadleaf,1562855444,1188.45,1200.003548,22.77347742,22.46150323,600.0189677,94.81299355,0.199994613,25.91592258,25.94173226,999.9,10002.70323,724.1796129,6.679253548,2000.004839,0.89999929,0.100000703,27,41744.66774,1562853150,9:52:30,1,2.737,0.282,400,22,0.72,0.18,7.504139871,-0.639777108,0.0772419,-1,1199.997857,0.02596224,0.045173513,1,1188.39381,0.913831942,0.101088184,1,22.46225,-0.014687627,0.001565742,1,22.77526667,-0.033025525,0.003378128,1,4,4,4-Apr,100,100,2.737,0.282,3,626.627,337.222,25.4476,25.7925,30,25.7575,25.7299,47.7865,-30,-30,-999.9,1200,0,103.422,104.929
39,BH1_C_16,1562855541,3824.4,20190711 10:32:20,10:32:20,1562855533,0.000189097,8.466378971,1486.893856,539.6205206,51.27027693,141.2723513,0.014667879,2.316348595,0.014616474,0.0091399,316.9680542,28.1329177,25.89537097,3.353423977,64.50567321,2.159895432,3.348380576,1.193528545,-8.339188346,-3.173537573,-0.29238367,305.1629446,0.018632273,-0.41784145,4.567707567,0,0,1,0,50322,2000.000645,1686.000487,0.842999972,0.187999978,9,0.5,0: Broadleaf,1562855533,1486.893871,1500.014839,22.73293548,22.45574516,600.0160968,94.81172903,0.199996742,25.86995806,25.89537097,999.9,10001.74613,723.9273226,6.528887742,2000.000645,0.900000194,0.099999781,27,41744.62258,1562853150,9:52:30,1,2.737,0.282,400,22,0.72,0.18,8.538406797,-0.833261516,0.099267127,-1,1500.017619,-0.228117657,0.058138157,1,1486.829762,0.969159712,0.112789059,1,22.45555952,0.00268082,0.000483568,1,22.73418095,-0.02159436,0.002236945,1,4,4,4-Apr,100,100,2.737,0.282,3,626.716,337.433,25.4015,25.7794,29.9999,25.7467,25.7192,57.1013,-30,-30,-999.9,1500,0,103.426,104.932
40,BH1_C_16,1562855624,3907.4,20190711 10:33:43,10:33:43,1562855616,0.0001715,10.44464251,1983.815465,698.6142842,66.37513176,188.4817071,0.013325691,2.316033492,0.013283242,0.008305829,316.9685107,28.11934434,25.87743871,3.349864483,64.54644747,2.158754565,3.344497876,1.191109919,-7.563151047,-3.37973233,-0.311364488,305.7142629,0.018628316,-0.417752729,4.566914431,0,0,1,0,50380,2000.003548,1686.002883,0.842999946,0.187999981,9,0.5,0: Broadleaf,1562855616,1983.815484,1999.992258,22.7214129,22.47001613,600.0195161,94.8097,0.199997419,25.85037097,25.87743871,999.9,9999.836452,723.9129355,6.732324839,2000.003548,0.900000032,0.099999906,27,41744.67097,1562853150,9:52:30,1,2.737,0.282,400,22,0.72,0.18,10.54474182,-1.284402338,0.153886298,-1,2000.004286,-0.605007698,0.085471879,1,1983.745238,0.997066688,0.126024149,1,22.46975,0.003244794,0.00081948,1,22.72135476,-0.001990438,0.00080125,1,4,4,4-Apr,100,100,2.737,0.282,3,626.695,338.332,25.3681,25.7708,30.0001,25.7382,25.7107,71.5228,-30,-30,-999.9,2000,0,103.428,104.938
41,BH1_C_13,1562856139,4423,20190711 10:42:19,10:42:19,1562856131,0.000223133,1.304633561,397.8973848,250.518324,23.80322844,37.80658514,0.01499498,2.315269173,0.014941235,0.009343085,316.9674311,28.10016705,26.88293226,3.554624269,65.14786941,2.178461514,3.34387223,1.376162755,-9.8401678,-129.2793098,-11.97411515,165.8738383,0.018618722,-0.417537562,4.564990776,0,0,1,0,50386,1999.996774,1685.997308,0.843000013,0.187999963,9,0.5,0: Broadleaf,1562856131,397.8973871,399.9874516,22.92733226,22.60031613,600.0177742,94.81592581,0.199991839,25.8472129,26.88293226,999.9,9994.029677,725.348,5.628066129,1999.996774,0.900000581,0.099999455,27,41744.51613,1562853150,9:52:30,1,2.737,0.282,400,22,0.72,0.18,1.437996244,-1.681801805,0.195090846,-1,399.9916429,-0.066889231,0.032379315,1,397.7810476,2.52166275,0.255173233,0,22.59939286,0.02342533,0.002496988,1,22.93886905,-0.241331173,0.024431259,1,3,4,4-Mar,100,100,2.737,0.282,3,624.992,334.881,25.2922,25.777,30,25.7403,25.7144,19.8065,-30,-30,-999.9,400,0,103.426,104.943
42,BH1_C_13,1562856204,4488,20190711 10:43:24,10:43:24,1562856196,0.000119128,0.001563678,299.9115484,292.4179716,27.7845137,28.49652667,0.007879757,2.316010683,0.007864893,0.004916891,316.9677771,28.14290978,26.91704839,3.561759228,64.73604596,2.165945651,3.345810853,1.395813577,-5.253530972,-132.3588584,-12.25812194,167.0972658,0.01862803,-0.417746307,4.56685702,0,0,1,0,50377,1999.997419,1685.997993,0.843000084,0.188000092,9,0.5,0: Broadleaf,1562856196,299.9115484,299.9674839,22.79548387,22.62087097,600.0180968,94.81645806,0.199978677,25.85699677,26.91704839,999.9,9998.97,725.5501613,5.159571613,1999.997419,0.899999065,0.100001,27,41744.52903,1562853150,9:52:30,1,2.737,0.282,400,22,0.72,0.18,-0.089334453,1.017269583,0.136715878,-1,299.9726429,-0.107678272,0.013545024,1,299.9792619,-0.997056031,0.118265855,1,22.61996905,0.017594256,0.001841517,1,22.79820476,-0.0487824,0.004973307,1,4,4,4-Apr,100,100,2.737,0.282,3,624.958,334.589,25.3024,25.7781,30.0002,25.7424,25.7153,15.8239,-30,-30,-999.9,300,0,103.43,104.945
43,BH1_C_13,1562856272,4555.5,20190711 10:44:31,10:44:31,1562856264,9.49E-05,-0.359359455,200.4943232,286.5201503,27.22468725,19.0506505,0.006262001,2.315966502,0.00625261,0.003908724,316.9677512,28.15433682,26.92254839,3.562910653,64.67173756,2.164250115,3.346516108,1.398660539,-4.184987487,-132.5988004,-12.28113538,167.9028279,0.018627475,-0.417733868,4.566745817,0,0,1,0,50283,1999.998065,1685.998447,0.843000039,0.188000026,9,0.5,0: Broadleaf,1562856264,200.4943226,199.9838387,22.77716774,22.63806774,600.0183871,94.8184129,0.199990581,25.86055484,26.92254839,999.9,9998.466129,725.9016774,4.899100968,1999.998065,0.899999806,0.100000232,27,41744.53226,1562853150,9:52:30,1,2.737,0.282,400,22,0.72,0.18,-0.445011744,0.954954725,0.125969949,-1,199.9815476,-0.051231485,0.019116438,1,200.5525952,-0.946708707,0.103132384,1,22.63727857,0.01466579,0.001563503,1,22.77697381,0.006501385,0.000984175,1,4,4,4-Apr,100,100,2.737,0.282,3,624.919,334.396,25.3023,25.7774,30.0001,25.7424,25.7149,11.6742,-30,-30,-999.9,200,0,103.428,104.946
44,BH1_C_13,1562856341,4625.1,20190711 10:45:41,10:45:41,1562856333,9.15E-05,-0.425356936,100.6102911,209.2201481,19.88009879,9.559990011,0.006064898,2.316285771,0.00605609,0.003785847,316.9685342,28.13202818,26.89689032,3.557541913,64.78139105,2.164946749,3.341926924,1.392595164,-4.035702832,-132.3056966,-12.24930247,168.3778323,0.018631484,-0.41782376,4.567549429,0,0,1,0,50630,2000.004194,1686.003449,0.842999957,0.187999932,9,0.5,0: Broadleaf,1562856333,100.6102903,99.98607742,22.78411613,22.64997742,600.0113871,94.82005484,0.199946677,25.83739032,26.89689032,999.9,10000.44452,726.1804194,4.627552581,2000.004194,0.900000774,0.099999203,27,41744.66774,1562853150,9:52:30,1,2.737,0.282,400,22,0.72,0.18,-0.504348345,0.92753194,0.115976701,-1,99.98809286,0.013824163,0.016340883,1,100.6687381,-0.955381249,0.103240833,1,22.64938095,0.009608946,0.001195475,1,22.78347857,0.011859979,0.001269521,1,4,4,4-Apr,100,100,2.737,0.282,3,624.894,334.19,25.2994,25.7751,30,25.7403,25.7142,7.37005,-30,-30,-999.9,100,0,103.428,104.946
45,BH1_C_13,1562856405,4689.1,20190711 10:46:45,10:46:45,1562856397,0.000106011,-0.527081188,50.76944933,167.0256627,15.8707332,4.824099314,0.00710554,2.315125752,0.007093447,0.004434489,316.9687789,28.08897541,26.83288065,3.544179185,64.98868327,2.166797715,3.334115427,1.377381471,-4.675065356,-129.1795035,-11.95965547,171.1545546,0.018616921,-0.417497192,4.56462984,0,0,1,0,50288,2000.005161,1686.004376,0.843000013,0.187999974,9,0.5,0: Broadleaf,1562856397,50.76944839,49.98692903,22.80366129,22.64827742,600.0224516,94.81972903,0.199999903,25.79789677,26.83288065,999.9,9992.662581,726.8335161,4.404937419,2000.005161,0.900000419,0.09999961,27,41744.68065,1562853150,9:52:30,1,2.737,0.282,400,22,0.72,0.18,-0.609075231,0.915755604,0.118887246,-1,49.98311905,0.04164071,0.009263555,1,50.82495952,-0.85606839,0.096274798,1,22.64880476,-0.011298922,0.001295221,1,22.80263571,0.01326019,0.001727346,1,4,4,4-Apr,100,100,2.737,0.282,3,625.047,334.118,25.2788,25.7618,29.9999,25.7316,25.7041,5.21591,-30,-30,-999.9,50,0,103.432,104.948
46,BH1_C_13,1562856479,4763.1,20190711 10:47:59,10:47:59,1562856471,0.000131139,0.955288425,398.5036435,219.8175213,20.88686287,37.86545724,0.008933275,2.31696492,0.008914184,0.005573077,316.968527,28.01556534,26.74398065,3.525693026,65.32308197,2.169733238,3.321541441,1.355959787,-5.783235416,-126.139576,-11.6600183,173.3856972,0.018640012,-0.418015007,4.569259031,0,0,1,0,50375,2000.003226,1686.002694,0.842999987,0.188000012,9,0.5,0: Broadleaf,1562856471,398.5036452,400.0149355,22.83470645,22.64249355,600.0124839,94.81911935,0.199979871,25.73415484,26.74398065,999.9,10005.12065,726.848871,4.448268387,2000.003226,0.899999774,0.100000203,27,41744.68387,1562853150,9:52:30,1,2.737,0.282,400,22,0.72,0.18,1.048461392,-1.058156561,0.137184054,-1,400.0177381,-0.082310996,0.019750901,1,398.4393095,0.95337817,0.110511686,1,22.64294524,-0.008087189,0.00102195,1,22.83413333,0.012273236,0.001565653,1,4,4,4-Apr,100,100,2.737,0.282,3,625.192,334.695,25.2441,25.7361,30,25.7122,25.6848,19.8169,-30,-30,-999.9,400,0,103.436,104.955
47,BH1_C_13,1562856540,4823.6,20190711 10:48:59,10:48:59,1562856532,0.000151278,1.130221485,398.2266109,216.3885315,20.56026569,37.83770272,0.010375976,2.316371956,0.010350224,0.006471199,316.9688842,27.98659256,26.71363548,3.519402253,65.48855523,2.172259504,3.317006302,1.347142749,-6.671352894,-125.1952654,-11.57259312,173.5296728,0.018632566,-0.417848027,4.56776637,0,0,1,0,50231,2000.005161,1686.004387,0.843000018,0.188000035,9,0.5,0: Broadleaf,1562856532,398.2266129,400.0122581,22.86215806,22.64043548,600.0172581,94.81549677,0.200008677,25.7111129,26.71363548,999.9,10001.50613,727.3235806,4.547252258,2000.005161,0.899999581,0.100000426,26.06854839,41744.68387,1562853150,9:52:30,1,2.737,0.282,400,22,0.72,0.18,1.109399867,0.303865737,0.04088906,-1,400.0131667,0.069417389,0.032168394,1,398.2442381,-0.355634065,0.038531255,1,22.64022857,0.009328904,0.001231972,1,22.86055714,0.034419901,0.003505719,1,4,4,4-Apr,100,100,2.737,0.282,3,625.206,334.558,25.2162,25.7156,30,25.695,25.6676,19.8107,-30,-30,-999.9,400,0,103.435,104.959
48,BH1_C_13,1562856610,4893.6,20190711 10:50:09,10:50:09,1562856602,0.000167415,2.512522883,596.1028342,236.8618837,22.50563647,56.63922569,0.011528136,2.315935964,0.011496351,0.007188068,316.9682479,27.97124215,26.7062,3.517862319,65.6319235,2.175654859,3.314933865,1.34220746,-7.383000104,-125.5591595,-11.60736935,172.4187189,0.018627092,-0.41772527,4.566668953,0,0,1,0,50393,2000.000968,1686.000671,0.842999927,0.188000072,9,0.5,0: Broadleaf,1562856602,596.1028387,600.0211935,22.89780645,22.65244194,600.0190323,94.81587097,0.199992806,25.70057419,26.7062,999.9,9998.528387,727.0073548,4.649883226,2000.000968,0.899998677,0.100001194,26.11558387,41744.57742,1562853150,9:52:30,1,2.737,0.282,400,22,0.72,0.18,2.597260678,-0.976718596,0.134724376,-1,600.0146429,0.106211814,0.023962094,1,596.043381,0.883046755,0.107114303,1,22.65156905,0.014259784,0.001549115,1,22.89591667,0.034288631,0.003492776,1,4,4,4-Apr,100,100,2.737,0.282,3,625.375,334.898,25.1973,25.6992,30.0002,25.6809,25.6547,27.3643,-30,-30,-999.9,600,0,103.436,104.963
49,BH1_C_13,1562856678,4961.6,20190711 10:51:17,10:51:17,1562856670,0.000185304,4.085298147,793.6673153,269.2058829,25.57888765,75.41115697,0.012797186,2.316194039,0.012758035,0.007977279,316.9678737,27.97057959,26.70828065,3.518293174,65.73044811,2.17961462,3.31598929,1.338678554,-8.171892246,-125.1626892,-11.56986006,172.0634321,0.018630332,-0.417797932,4.567318533,0,0,1,0,50254,1999.999677,1685.999803,0.843000037,0.187999947,9,0.5,0: Broadleaf,1562856670,793.6673226,800.0156774,22.93942903,22.66785806,600.0185806,94.81607742,0.200002387,25.70594194,26.70828065,999.9,10000.24581,726.6044839,4.682047419,1999.999677,0.900000903,0.099999171,26.85215484,41744.58065,1562853150,9:52:30,1,2.737,0.282,400,22,0.72,0.18,4.191804665,-1.250323749,0.166292112,-1,800.0239762,-0.114904789,0.031986223,1,793.6082857,0.969840369,0.11127792,1,22.6677381,0.005149664,0.000822873,1,22.93755238,0.035528401,0.003636209,1,4,4,4-Apr,100,100,2.737,0.282,3,625.484,335.289,25.1889,25.6906,30,25.6718,25.6462,34.4767,-30,-30,-999.9,800,0,103.439,104.965
50,BH1_C_13,1562856745,5028.6,20190711 10:52:24,10:52:24,1562856737,0.000210856,6.110223768,990.5641181,303.4356444,28.83147961,94.12021858,0.014589074,2.316815402,0.014538228,0.009090946,316.9680214,27.97120546,26.72176452,3.521086499,65.83711879,2.184377055,3.317850318,1.336709444,-9.298770228,-125.6987035,-11.6176287,170.352919,0.018638134,-0.417972899,4.568882634,0,0,1,0,50397,1999.999677,1685.999735,0.843000003,0.188000042,9,0.5,0: Broadleaf,1562856737,990.564129,1000.042548,22.98938065,22.68037419,600.0137097,94.81681935,0.199966387,25.71540323,26.72176452,999.9,10004.35548,726.4837742,4.917073871,1999.999677,0.899999419,0.100000565,27,41744.56774,1562853150,9:52:30,1,2.737,0.282,400,22,0.72,0.18,6.181833968,-0.883967445,0.121990584,-1,1000.029881,0.085928207,0.03772848,1,990.5075,0.793190179,0.102879553,1,22.67977143,0.010769954,0.001172966,1,22.98685,0.046377117,0.004730864,1,4,4,4-Apr,100,100,2.737,0.282,3,625.347,335.609,25.1864,25.6879,30.0001,25.6669,25.6397,41.2619,-30,-30,-999.9,1000,0,103.436,104.966
51,BH1_C_13,1562856810,5093.6,20190711 10:53:29,10:53:29,1562856802,0.000240935,8.270813225,1187.184824,374.1987562,35.55618235,112.8057199,0.016704688,2.316004501,0.01663804,0.010404741,316.9674965,27.99081597,26.73833871,3.524522669,65.89215599,2.189923223,3.323496082,1.334599446,-10.62523254,-124.1438969,-11.48054696,170.7178201,0.018627952,-0.417744566,4.566841459,0,0,1,0,50426,1999.996452,1685.997125,0.843000058,0.188000022,9,0.5,0: Broadleaf,1562856802,1187.184839,1200.019677,23.04709032,22.69402903,600.0202258,94.81952581,0.199983903,25.74407742,26.73833871,999.9,9998.604839,726.3953226,4.999106774,1999.996452,0.899999935,0.100000129,27,41744.48387,1562853150,9:52:30,1,2.737,0.282,400,22,0.72,0.18,8.387145994,-1.252411837,0.190929788,-1,1200.022143,0.080220404,0.043672794,1,1187.121905,0.870853253,0.12308027,1,22.69337381,0.012038895,0.001339342,1,23.04401667,0.055390973,0.005604162,1,4,4,4-Apr,100,100,2.737,0.282,3,625.296,336.109,25.1918,25.6863,30,25.6626,25.6355,47.7907,-30,-30,-999.9,1200,0,103.432,104.962
52,BH1_C_13,1562856879,5162.6,20190711 10:54:38,10:54:38,1562856871,0.000262547,11.23106455,1482.602561,467.2509207,44.40014316,140.8831166,0.018168864,2.316928247,0.018090081,0.01131335,316.9677252,28.02619887,26.78075161,3.533329068,65.89935877,2.195787553,3.332031744,1.337541515,-11.57832143,-124.086231,-11.47556639,169.8276063,0.018639551,-0.418004679,4.569166708,0,0,1,0,50280,1999.999032,1685.999084,0.84299995,0.187999939,9,0.5,0: Broadleaf,1562856871,1482.602581,1500.032581,23.10766774,22.72295806,600.0163871,94.82419355,0.200002645,25.78734839,26.78075161,999.9,10004.33806,726.3284839,5.11432871,1999.999032,0.900000645,0.099999319,27,41744.53548,1562853150,9:52:30,1,2.737,0.282,400,22,0.72,0.18,11.33480588,-1.095174963,0.15369173,-1,1500.038095,-0.130491856,0.057703598,1,1482.526667,0.956616158,0.133606862,1,22.72104048,0.032520865,0.003359922,1,23.10539048,0.041771007,0.004291509,1,4,4,4-Apr,100,100,2.737,0.282,3,625.512,336.516,25.2126,25.6911,30.0003,25.6626,25.6376,57.1092,-30,-30,-999.9,1500,0,103.428,104.956
53,BH1_C_13,1562856961,5244.6,20190711 10:56:00,10:56:00,1562856953,0.000264289,14.80087095,1977.03578,638.8552554,60.70851745,187.8718382,0.018177619,2.315805971,0.018098722,0.011318761,316.9671284,28.07508426,26.84183226,3.546045294,65.84683589,2.200358847,3.341631861,1.345686447,-11.65512686,-125.5903723,-11.62668591,168.0949433,0.01862546,-0.417688673,4.566341772,0,0,1,0,50199,1999.994516,1685.995371,0.842999997,0.187999999,9,0.5,0: Broadleaf,1562856953,1977.035806,2000.02,23.15508387,22.76784516,600.0228387,94.82700645,0.200023452,25.8359,26.84183226,999.9,9996.478387,726.1346129,5.397046774,1999.994516,0.9,0.099999997,27,41744.45806,1562853150,9:52:30,1,2.737,0.282,400,22,0.72,0.18,14.8950265,-0.940117874,0.13441337,-1,2000.052857,-0.390131534,0.106844028,1,1976.984286,0.934150597,0.101374902,1,22.76612619,0.02918937,0.003011649,1,23.15404048,0.019206444,0.001993688,1,4,4,4-Apr,100,100,2.737,0.282,3,625.593,337.417,25.237,25.7036,30.0002,25.6695,25.644,71.5277,-30,-30,-999.9,2000,0,103.423,104.951
54,BH1_C_13,1562857081,5365.1,20190711 10:58:01,10:58:01,1562857073,0.000201484,14.23212628,2477.860297,764.9118831,72.6906433,235.4745207,0.013636907,2.316302726,0.013592461,0.008499269,316.9673093,28.15947968,26.92555484,3.563540191,65.51197364,2.197567902,3.354452292,1.36597229,-8.885446735,-127.999231,-11.85595945,168.2266721,0.018631697,-0.417828534,4.567592107,0,0,1,0,50536,1999.995806,1685.99645,0.842999992,0.187999986,9,0.5,0: Broadleaf,1562857073,2477.860323,2499.956774,23.12465161,22.82942258,600.0166129,94.83141935,0.199975645,25.90054839,26.92555484,999.9,9999.360323,726.2936129,5.671397419,1999.995806,0.900000161,0.099999835,27,41744.51613,1562853150,9:52:30,1,2.737,0.282,400,22,0.72,0.18,14.44724612,-2.903876848,0.33919065,-1,2499.982381,-0.795444564,0.090968585,1,2477.710238,3.552100195,0.362409188,0,22.82771429,0.039077662,0.003975674,1,23.12589048,-0.022940086,0.002418363,1,3,4,4-Mar,100,100,2.737,0.282,3,625.406,338.297,25.2816,25.7231,30.0002,25.682,25.6547,84.612,-30,-30,-999.9,2500,0,103.422,104.948
55,BH1_C_3,1562857844,6127.7,20190711 11:10:43,11:10:43,1562857836,0.000206548,1.317947415,397.8979009,235.9708785,22.42751331,37.81763463,0.013707926,2.316774218,0.013663026,0.008543413,316.9674436,28.45266675,27.24669032,3.631346287,65.58698176,2.238919164,3.413663968,1.392427123,-9.108745552,-131.1885279,-12.18648577,164.4836844,0.018637617,-0.417961302,4.56877896,76,13,1,0,50200,1999.996774,1685.997248,0.842999984,0.187999977,9,0.5,0: Broadleaf,1562857836,397.8979032,399.9980323,23.55676774,23.25425484,600.0198065,94.84357097,0.199993097,26.19635806,27.24669032,999.9,10001.25613,730.2174839,6.513407419,1999.996774,0.900000258,0.099999732,28,41744.49355,1562857303,11:01:43,2,2.701,0.335,400,23,0.3,0.15,1.406717357,-0.972966411,0.115801091,-1,399.9946429,0.120622316,0.023781567,1,397.8145714,1.489396321,0.151206913,0,23.25282619,0.027052265,0.002767934,1,23.56553333,-0.157488696,0.015973023,1,3,4,4-Mar,100,100,2.701,0.335,3,525.622,333.871,25.5312,25.9024,30.0002,25.8464,25.816,19.7954,-30,-30,-999.9,400,0,103.397,104.926
56,BH1_C_3,1562857911,6195.2,20190711 11:11:51,11:11:51,1562857903,0.000149662,0.396634014,299.3312896,227.7804742,21.64956366,28.45016384,0.00977103,2.316516827,0.009748191,0.006094667,316.9671738,28.5318617,27.32599032,3.648262421,65.21444619,2.234198506,3.425925752,1.414063916,-6.600103599,-133.4972737,-12.41102267,164.4587739,0.018634385,-0.41788882,4.568131036,75,12,1,0,50290,1999.995484,1685.996065,0.842999936,0.187999949,9,0.5,0: Broadleaf,1562857903,299.3312903,299.9934194,23.50656129,23.28735161,600.018,94.84573548,0.200004226,26.25705484,27.32599032,999.9,9999.293548,730.7553548,6.738866774,1999.995484,0.900000452,0.09999949,28,41744.5,1562857303,11:01:43,2,2.701,0.335,400,23,0.3,0.15,0.310141901,0.991046633,0.127018445,-1,299.9854286,0.119017908,0.021792466,1,299.3879286,-0.920142614,0.101976046,1,23.28570238,0.033514626,0.003449602,1,23.50635714,0.004257029,0.000760684,1,4,4,4-Apr,100,100,2.701,0.335,3,526.195,333.619,25.5689,25.9276,30.0002,25.8703,25.8399,15.8136,-30,-30,-999.9,300,0,103.393,104.919
57,BH1_C_3,1562857980,6263.7,20190711 11:12:59,11:12:59,1562857972,0.000139411,-0.040485379,200.0045485,202.2115139,19.21939516,19.00963193,0.009041806,2.315081258,0.009022233,0.00564065,316.9678726,28.577761,27.37642903,3.659057665,65.10656965,2.235958024,3.434304765,1.423099641,-6.148022059,-134.5466976,-12.52209334,163.7510597,0.018616363,-0.417484668,4.564517868,75,12,1,0,50212,1999.998065,1685.998451,0.843000041,0.188000097,9,0.5,0: Broadleaf,1562857972,200.0045484,199.9856452,23.52500968,23.32081935,600.0194194,94.8459871,0.200010968,26.29842258,27.37642903,999.9,9989.596452,731.2975484,6.985769032,1999.998065,0.899998806,0.1000012,28,41744.5129,1562857303,11:01:43,2,2.701,0.335,400,23,0.3,0.15,-0.12535272,0.945491314,0.119556995,-1,199.9802143,0.051856414,0.013500504,1,200.0643333,-0.961905842,0.106105892,1,23.31933095,0.027431489,0.002817419,1,23.52371667,0.023991249,0.002491024,1,4,4,4-Apr,100,100,2.701,0.335,3,526.791,333.406,25.6088,25.957,30.0003,25.8964,25.8646,11.6652,-30,-30,-999.9,200,0,103.389,104.915
58,BH1_C_3,1562858049,6332.7,20190711 11:14:08,11:14:08,1562858041,0.000144122,-0.332887158,100.4654199,154.3129124,14.66728504,9.549135766,0.0093637,2.31607161,0.009342719,0.00584108,316.9676929,28.59999355,27.38071935,3.659977195,65.10704789,2.239236861,3.43931561,1.420740333,-6.355795364,-132.0562221,-12.28683266,166.2688429,0.018628795,-0.417763461,4.567010373,74,12,1,0,50417,1999.997419,1685.997889,0.843000032,0.188000053,9,0.5,0: Broadleaf,1562858041,100.4654194,99.98782258,23.55876774,23.34768387,600.0188387,94.84897742,0.200003323,26.32311935,27.38071935,999.9,9995.952258,731.849871,6.964416129,1999.997419,0.899999387,0.100000629,28,41744.52258,1562857303,11:01:43,2,2.701,0.335,400,23,0.3,0.15,-0.415834195,0.944463832,0.119577658,-1,99.98302143,0.067389456,0.016993382,1,100.523619,-0.947531506,0.102846152,1,23.34662143,0.020842177,0.002157107,1,23.55774524,0.019831065,0.002045111,1,4,4,4-Apr,100,100,2.701,0.335,3,527.325,333.373,25.6403,25.9773,30.0004,25.916,25.8853,7.36439,-30,-30,-999.9,100,0,103.384,104.905
59,BH1_C_3,1562858113,6397.2,20190711 11:15:13,11:15:13,1562858105,0.000147099,-0.518868373,50.75804609,135.5507281,12.88397987,4.824508532,0.009550935,2.316878574,0.009529116,0.005957653,316.9677269,28.61536961,27.39884839,3.663864954,65.12722184,2.242192304,3.442788193,1.42167265,-6.487083867,-132.2311698,-12.30099252,165.9484807,0.018638927,-0.41799069,4.569041661,74,12,1,0,50197,1999.999032,1685.999351,0.843000084,0.18799991,9,0.5,0: Broadleaf,1562858105,50.75804516,49.99096129,23.58982258,23.37438387,600.0148387,94.84913226,0.200005839,26.34021613,27.39884839,999.9,10001.3729,732.2874839,7.378057097,1999.999032,0.900001613,0.099998539,28,41744.56129,1562857303,11:01:43,2,2.701,0.335,400,23,0.3,0.15,-0.596130464,0.898625806,0.116490864,-1,49.99256667,-0.030075585,0.009591853,1,50.81205714,-0.897378396,0.097639815,1,23.37276905,0.02435121,0.002732214,1,23.58797857,0.0331079,0.003380162,1,4,4,4-Apr,100,100,2.701,0.335,3,527.546,333.147,25.6636,25.9933,30.0002,25.9334,25.9015,5.20656,-30,-30,-999.9,50,0,103.372,104.897
60,BH1_C_3,1562858189,6472.7,20190711 11:16:28,11:16:28,1562858181,0.000156764,1.259094969,398.0209332,192.3130861,18.27941984,37.83201597,0.010174393,2.314963383,0.010149616,0.006345731,316.9678937,28.64666589,27.42150968,3.668729721,65.12122529,2.24632476,3.449451005,1.422404961,-6.913306478,-130.8613407,-12.18701082,167.0062357,0.018614884,-0.417451491,4.564221232,74,12,1,0,50283,1999.998387,1685.998734,0.843000047,0.188000078,9,0.5,0: Broadleaf,1562858181,398.0209355,400.0030968,23.63300645,23.40342581,600.0225161,94.8503,0.200017226,26.37297742,27.42150968,999.9,9988.348387,732.1525484,8.048078065,1999.998387,0.899999097,0.100000926,28,41744.50645,1562857303,11:01:43,2,2.701,0.335,400,23,0.3,0.15,1.35192594,-1.053805724,0.136051257,-1,400.0150952,-0.112872539,0.030030785,1,397.9651905,0.935651892,0.099293753,1,23.40176429,0.031390973,0.003229759,1,23.6314119,0.031651568,0.003258849,1,4,4,4-Apr,100,100,2.701,0.335,3,528.115,333.861,25.6908,26.013,30.0001,25.9531,25.9218,19.8034,-30,-30,-999.9,400,0,103.368,104.891
61,BH1_C_3,1562858249,6533.2,20190711 11:17:29,11:17:29,1562858241,0.00016494,1.290074889,397.9811267,197.4579358,18.76889191,37.82914431,0.010708974,2.317856447,0.010681562,0.006678433,316.9676923,28.6521536,27.43878387,3.672441809,65.19831346,2.250410679,3.451639405,1.42203113,-7.273851139,-131.8403478,-12.26457909,165.5889143,0.018651209,-0.418266118,4.571503564,73,12,1,0,50186,1999.999677,1685.99954,0.842999906,0.187999869,9,0.5,0: Broadleaf,1562858241,397.981129,400.0146452,23.67542258,23.43387742,600.0179032,94.85263226,0.199976452,26.38372581,27.43878387,999.9,10007.59387,732.3699032,8.325500323,1999.999677,0.900001452,0.09999849,28,41744.59032,1562857303,11:01:43,2,2.701,0.335,400,23,0.3,0.15,1.282691597,0.07925002,0.020967491,-1,400.0099762,0.075796127,0.025936266,1,397.9820952,-0.03424682,0.012830042,1,23.43223095,0.02849526,0.002927252,1,23.67315,0.041151608,0.004212128,1,4,4,4-Apr,100,100,2.701,0.335,3,528.388,333.762,25.714,26.0305,30,25.9705,25.9374,19.7958,-30,-30,-999.9,400,0,103.363,104.887
62,BH1_C_3,1562858319,6602.7,20190711 11:18:38,11:18:38,1562858311,0.000182147,2.733982467,595.7514145,214.2650072,20.36658704,56.628113,0.011804588,2.3172206,0.011771281,0.007360035,316.9676324,28.68741803,27.47365806,3.679945989,65.17675362,2.255025712,3.459861971,1.424920276,-8.032677958,-131.1223264,-12.20572108,165.6069069,0.018643223,-0.418087016,4.5699027,73,12,1,0,50201,1999.998065,1685.998458,0.843000045,0.187999954,9,0.5,0: Broadleaf,1562858311,595.7514194,600.0150645,23.7238129,23.45708065,600.0140645,94.85326129,0.199996871,26.42405806,27.47365806,999.9,10003.24226,732.5730323,7.731329355,1999.998065,0.900000839,0.099999242,28,41744.52903,1562857303,11:01:43,2,2.701,0.335,400,23,0.3,0.15,2.828233397,-1.134277995,0.158715583,-1,600.0072381,0.094514221,0.025918195,1,595.6906905,0.948808038,0.109462428,1,23.45610952,0.017393728,0.001813548,1,23.72198571,0.030022851,0.003104342,1,4,4,4-Apr,100,100,2.701,0.335,3,528.607,334.185,25.7392,26.0458,30.0001,25.9858,25.9527,27.3493,-30,-30,-999.9,600,0,103.362,104.884
63,BH1_C_3,1562858388,6671.7,20190711 11:19:47,11:19:47,1562858380,0.000195371,4.362162551,793.250089,230.9620043,21.95374541,75.40119229,0.012730477,2.317301354,0.01269175,0.007935813,316.9682647,28.66853491,27.45995161,3.676995059,65.36150368,2.259474897,3.456889406,1.417520162,-8.615872053,-131.2349003,-12.21404717,164.9034452,0.018644237,-0.41810976,4.570106003,73,12,1,0,50221,2000.002258,1686.001911,0.843000004,0.187999944,9,0.5,0: Broadleaf,1562858380,793.2500968,800.0256452,23.77056129,23.48447742,600.0144194,94.85349677,0.199996871,26.4094871,27.45995161,999.9,10003.76161,732.7855806,7.723499677,2000.002258,0.900000806,0.099999226,28,41744.63871,1562857303,11:01:43,2,2.701,0.335,400,23,0.3,0.15,4.461414731,-1.104017267,0.146107876,-1,800.0384048,-0.198987985,0.047554009,1,793.1897857,0.867750812,0.112936041,1,23.48305476,0.026961604,0.002749043,1,23.76850238,0.03980727,0.004083736,1,4,4,4-Apr,100,100,2.701,0.335,3,528.884,334.524,25.7565,26.0591,30.0002,26.0003,25.9678,34.4598,-30,-30,-999.9,800,0,103.364,104.883
64,BH1_C_3,1562858455,6739.3,20190711 11:20:55,11:20:55,1562858447,0.000218702,6.203307465,990.3980857,282.1664781,26.82047486,94.13927245,0.014370837,2.316584311,0.014321494,0.008955353,316.9681516,28.6678093,27.4312871,3.670830409,65.48645604,2.264620756,3.458151339,1.406209653,-9.644766734,-126.8416153,-11.80748788,168.6742817,0.018635232,-0.417907823,4.56830091,72,12,1,0,50438,1999.999677,1685.999811,0.843000042,0.188000111,9,0.5,0: Broadleaf,1562858447,990.3980968,1000.027613,23.82508387,23.50485806,600.0217097,94.85195484,0.199998323,26.41567419,27.4312871,999.9,9999.092581,733.2953226,7.511652903,1999.999677,0.899998613,0.100001387,28,41744.57419,1562857303,11:01:43,2,2.701,0.335,400,23,0.3,0.15,6.315609854,-1.2609426,0.174132346,-1,1000.04131,-0.18251295,0.042387941,1,990.3341905,0.899308107,0.120181061,1,23.50402381,0.015973977,0.001675,1,23.82241429,0.047925994,0.004850114,1,4,4,4-Apr,100,100,2.701,0.335,3,529.339,334.969,25.7653,26.0656,30.0001,26.0098,25.9764,41.2455,-30,-30,-999.9,1000,0,103.363,104.884
65,BH1_C_3,1562858523,6807.2,20190711 11:22:03,11:22:03,1562858515,0.00023137,7.827531477,1187.867728,344.0280515,32.70016338,112.9078533,0.015225216,2.315903754,0.015169826,0.009486101,316.9679938,28.67416143,27.44229355,3.673196412,65.56910365,2.268798191,3.460163498,1.404398221,-10.20339714,-126.9473314,-11.82203529,167.99523,0.018626688,-0.417716202,4.566587883,72,12,1,0,50295,2000.000645,1686.000596,0.843000026,0.18799993,9,0.5,0: Broadleaf,1562858515,1187.867742,1200.020968,23.86930645,23.53054516,600.0160968,94.85087419,0.199989355,26.42553548,27.44229355,999.9,9994.621613,733.3685806,7.262745806,2000.000645,0.900001097,0.099998971,28,41744.59677,1562857303,11:01:43,2,2.701,0.335,400,23,0.3,0.15,7.926076197,-1.202343393,0.167071362,-1,1200.016429,-0.023155624,0.055798166,1,1187.805476,0.955001079,0.111935406,1,23.5286881,0.035002417,0.003576058,1,23.86729286,0.04108297,0.004263376,1,4,4,4-Apr,100,100,2.701,0.335,3,529.532,335.237,25.7795,26.0766,30.0002,26.0208,25.9895,47.7652,-30,-30,-999.9,1200,0,103.362,104.881
66,BH1_C_3,1562858597,6880.7,20190711 11:23:16,11:23:16,1562858589,0.000236112,9.897107494,1484.621595,437.5699013,41.59067413,141.1121121,0.015519821,2.31700249,0.015462299,0.009669087,316.9678688,28.69249932,27.47010323,3.679180451,65.61562904,2.273206756,3.464428809,1.405973696,-10.41255906,-127.872288,-11.90542484,166.7775969,0.018640484,-0.418025587,4.569353609,72,12,1,0,50410,1999.999355,1685.999417,0.84299998,0.187999987,9,0.5,0: Broadleaf,1562858589,1484.621613,1499.992581,23.91610323,23.57041613,600.0195161,94.84922258,0.199989,26.44642258,27.47010323,999.9,10002.19839,733.4120323,7.326898065,1999.999355,0.900000097,0.099999884,28,41744.57419,1562857303,11:01:43,2,2.701,0.335,400,23,0.3,0.15,9.983345882,-0.912277314,0.114127741,-1,1500.01119,-0.241090886,0.063290802,1,1484.559762,0.962790393,0.111771197,1,23.56899524,0.023771765,0.002471452,1,23.91461667,0.026917539,0.002739909,1,4,4,4-Apr,100,100,2.701,0.335,3,529.628,335.745,25.7961,26.0912,30.0001,26.0342,26.0026,57.0846,-30,-30,-999.9,1500,0,103.361,104.879
67,BH1_C_3,1562858679,6963.3,20190711 11:24:39,11:24:39,1562858671,0.000226118,12.73108339,1980.205461,573.8721409,54.54485453,188.2126891,0.014857994,2.3166566,0.014805256,0.009258008,316.9676595,28.70449896,27.47262258,3.679722982,65.5926961,2.273549064,3.466161934,1.406173918,-9.971797587,-127.1086599,-11.8367456,168.0504564,0.01863614,-0.41792818,4.568482879,72,12,1,0,50355,1999.998387,1685.998605,0.842999983,0.187999954,9,0.5,0: Broadleaf,1562858671,1980.205484,1999.973226,23.92024839,23.58919355,600.015871,94.84707419,0.199976613,26.45490323,27.47262258,999.9,10000.09419,733.6415806,6.840785806,1999.998387,0.900000581,0.099999419,28,41744.55484,1562857303,11:01:43,2,2.701,0.335,400,23,0.3,0.15,12.84725984,-1.208491156,0.15127095,-1,2000.029048,-0.658876914,0.098096394,1,1980.15,0.976258002,0.105694979,1,23.58845,0.016093672,0.001744549,1,23.92038095,-0.00387975,0.000897414,1,4,4,4-Apr,100,100,2.701,0.335,3,529.84,336.576,25.807,26.103,30.0001,26.047,26.0156,71.5058,-30,-30,-999.9,2000,0,103.357,104.874
68,BH1_C_3,1562858800,7083.8,20190711 11:26:39,11:26:39,1562858792,0.000174143,12.87173252,2479.994493,620.1702224,58.94788292,235.7262889,0.011332033,2.31652922,0.011301327,0.007066081,316.9676027,28.74072599,27.51183548,3.688176291,65.39900349,2.269424011,3.470120171,1.41875228,-7.679720915,-129.5817193,-12.07124398,167.6349186,0.01863454,-0.41789231,4.568162233,72,12,1,0,50301,1999.997097,1685.997739,0.843000093,0.188000016,9,0.5,0: Broadleaf,1562858792,2479.994516,2499.949355,23.87582258,23.62085161,600.0171935,94.85114194,0.199992065,26.47425806,27.51183548,999.9,9998.807097,733.7106452,5.992817097,1999.997097,0.900000161,0.099999952,28,41744.50645,1562857303,11:01:43,2,2.701,0.335,400,23,0.3,0.15,13.05205258,-2.020692607,0.25007251,-1,2499.99381,-0.261761608,0.119879948,1,2479.877381,2.537590147,0.270995164,0,23.61960952,0.025363261,0.002675534,1,23.87655952,-0.020366259,0.002193178,1,3,4,4-Mar,100,100,2.701,0.335,3,530.257,337.524,25.8268,26.1206,30.0002,26.0667,26.0337,84.5932,-30,-30,-999.9,2500,0,103.355,104.871